first_name,last_name,street,city,state,zip,email,phone
Amy,Terry,8702 Mitchell Freeway,Brianport,KS,42775,,001-223-191-7251x8058
Steven,Martinez,158 Judith Centers,North Kevin,SC,81893,,610.341.3123x74242
Becky,Herring,165 Alexis Plaza Suite 644,North David,MA,81944,,280-333-0566x10336
Ashley,Ramos,68103 Roberts Flat,Ericton,AL,36979,rachel40@hotmail.com,561-618-1857x744
eniloraC,Martin,911 Gibson Walk Apt. 848,Alyssaside,NC,59341,kwalker@hotmail.com,8667332172
Devin,Murphy,58690 Beasley Drives Apt. 998,East Scott,ID,97308,elliottkelly@perez.net,112-156-9584x432
auhsoJ,Davis,505 Rodriguez Fall Suite 323,East Heathershire,MS,48733,westjason@gmail.com,(650)350-7892x6861
Laura,Cannon,879 Daniels Pike Apt. 994,Johnville,GA,75593,jameslarson@hotmail.com,001-262-477-0737
Dana,Boyd,9960 Medina Ports Apt. 234,Port Micheleborough,RI,69143,perezkelly@hotmail.com,
acinoM,Scott,niatnuoM leinaD 24221,South David,LA,84755,dflores@adams.com,(127)582-2893x528
Lisa,Johnson,60383 Taylor Square,North Coltonhaven,ME,54580,michaeldawson@norton.com,+1-238-854-7656x4421
James,Davis,sdipaR notroN 829,West Abigailstad,WA,47728,matthew75@powell.com,680-597-7197
Allison,Taylor,3724 Jared Mountains,North Hannahtown,SD,14046,rfitzgerald@wilson-sanchez.com,001-544-315-2116x40275
Ashleye,Anderson,140 David Crest Apt. 825,Bryantville,DC,04476,peggyhoward@yahoo.com,001-793-062-7838x08000
Gabriel,Cox,877 Davis Brooksu,North Lisa,AR,26804,gwelch@short.info,
Briana,Andrews,660 Berry Plaza,South Jeffreyton,TX,37653,,
Lauren,Lang,44382 Mcdonald Hill,Margaretmouth,NM,32197,vickie52@gmail.com,327-286-3420x0994
Michael,Zhang,4218 Stewart Springs,Brownborough,AL,09768,warrenadam@yahoo.com,
Sarah,Stephens,261 .tpA noitcnuJ senyaH 54674,South Samuelview,FL,43217,trevorcunningham@yahoo.com,
Julie,Marquez,3714 Robert Villages,West Oliviaborough,MS,43685,,210.908.5767x571
Rick,Hines,niatnuoM retraC 2261,Lake Belindaland,VA,84327,christopherjimenez@foster-young.net,669-251-1612x72233
Clifford,Baker,8824 Thompson Ways,West Richard,MI,55083,,(756)814-0147
Dalee,Moore,81783 King Landing,East Scottfurt,ND,97188,richardking@james-mcneil.com,433-431-7267
Robert,Sanchez,daoR samohT 591,East Andrew,AK,41604,erica14@yahoo.com,489.281.9681
Courtney,Potter,4503 Sean Station Suite 473,Lake Gary,CT,98665,davissarah@yahoo.com,612.855.2187x259
Brenda,Walker,591 Morris Road Apt. 456,South Adrianamouth,IL,15898,,340.134.8829x00193
Kelsey,Peterson,799 Holloway Isle,Lake Virginia,HI,35241,elizabethcruz@howard-gilbert.com,
Manuel,Martin,0883 Beard Circles Suite 565,Lake Cesarland,FL,85524,matthew88@ward-nielsen.com,(883)143-4178
Christy,Alvarado,43950 Misty Falls,Christinamouth,NC,28346,,840.151.3117x47520
ardnassaC,Thomas,01949 Michael Vista Suite 452,North Michaelland,MO,72557,,7806795764
Stefaniei,White,43370 Howard Tunnel Suite 072,Lake Sandra,NM,61809,contrerasjames@yahoo.com,(663)903-2665x8142
Daniel,Price,6666 Brian Wall Suite 850,South Anthony,ME,41550,richardmiller@ruiz-garcia.info,018.219.3495x7527
Donald,Green,3574 Johnson Mountains,Martinbury,NC,72616,george75@gmail.com,
Pamela,Hamilton,0061 Rebecca Drive Suite 522,Adamsland,AR,86503,brittneypruitt@wells-goodman.com,327.586.4621x0827
Kayla,Roth,202 Kathleen Summit,Guzmanfurt,IL,98297,,+1-414-269-4973x9235
Christopher,Meyer,305 Castillo Ranch Suite 114,Jasonberg,TX,74530,lewislisa@hotmail.com,235.316.8688x45938
Vincent,senoJ,76843 Nguyen Branch,Lake Christopherport,CO,89271,brooke66@hotmail.com,746-900-3934
eiraM,Richardson,7187 Candice Courts,Lake Jose,GA,89733,reevescorey@casey.org,(670)283-4002
Zachary,Rojas,7893 Mccarty Ramp Suite 427,North Geraldborough,AK,16150,,
Dustin,Williams,27208 Ashley Trail Suite 841,Mayton,NE,47510,,0487307064
Chelsea,Jones,6712 William Oval Suite 944,South Michele,ME,70202,snyderkaren@lee-anderson.com,548-987-1788x534
Todd,Harding,747 Serrano Viaduct Suite 800,South Julieville,CT,94202,,834.517.7201x72577
Sara,Stokes,84441 Derrick Place,South Ericport,MA,94780,beanrobert@gmail.com,620.715.3589
Joshua,Campbella,37457 Megan Village Apt. 655,Port Mariaton,CA,89847,vincent04@gmail.com,(533)996-6078
Dana,Johnson,1229 Danielle Highway,Smithtown,HI,41600,matthewchan@yahoo.com,
George,Johnsono,4954 Ramirez Creek,North Michaelbury,OH,75258,brentbryant@brandt.com,923.043.3443x46003
Eric,Tucker,0464 Frost Valley,North Davidbury,CA,71723,michael36@gmail.com,930-183-8700x9953
Melissa,Andrade,2786 Wallace Knoll Suite 448,Millerview,MD,91948,,521-038-2175
James,Woodard,5692 Danielle Gardens,Humphreymouth,VT,72575,,354-516-0154
Victoria,Hernandez,7282 Lee Ports Apt. 045,West Erikside,CO,50026,jeffreyfry@gould.com,(757)498-2570x416
Jessica,Johnson,5751 Fry Via,Valdezmouth,AK,52807,jamie21@long.com,+1-520-801-0771x0373
Darren,Stark,41882 Kelly Ville,Wallershire,LA,65745,,
Mark,Lowe,616 Owens Lane Apt. 377,Millerton,DE,45628,jamesdesiree@gmail.com,098.147.7653
Jim,Pennington,84648 Tricia Road,West Thomas,MN,39464,jeffrey07@hotmail.com,(278)524-3031
Bob,Glovere,918 Cynthia Mills,Johnsonland,DC,32031,browncynthia@yahoo.com,001-712-892-3088x6489
Marco,Kelly,23937 Hunt Fort,West Patricia,ND,58322,,(011)013-4981
Adam,King,9279 Ellis Ridge,South Roberta,MS,32817,,311.881.3768x0253
Carmen,Nguyen,94207 Kevin Trafficway Suite 832,North Sandraville,OK,57447,burtonkenneth@williams-tyler.biz,947-576-0402
Ariel,Ward,39517 Collin Mills,Katrinaside,MO,89214,christopherbryant@vargas.com,419.438.5716
Julie,Fitzgerald,3421 Jeffrey Loop Apt. 280,Port Angelabury,CT,72322,stephenshaffer@porter-smith.com,003-358-5657x92951
Adam,Morales,8281 Sanchez Spring,New Robert,NH,77033,,(027)516-5009x0397
Samantha,Neal,090 Shea Plaza Apt. 924,New Rebeccamouth,ID,10028,,889-774-3555
Juan,Lewis,2724 Sierra Locks,New Tinaview,OK,13854,,859-515-2471x102
Deboraho,Ramos,4639 Fischer Dam,West Richard,MI,03747,,185.011.4785x62168
Deanna,Tucker,434 Tracy Manors Suite 854,Marquezmouth,ME,90052,morgansandoval@hotmail.com,+1-364-441-5663x339
Molly,Frank,32371 Stacey Fort,Jonesside,HI,63500,jamiewilliams@robertson-ramos.com,
Laura,Holmes,8637 Fields Harbor Apt. 379,North Erikburgh,VT,58699,,
ynahteB,Blankenship,02663 Travis Islands Suite 633,Lake Peterside,IL,58230,,(251)668-2646x89206
Joel,Horne,9435 Cheyenne Crossing Suite 880,Lawsontown,RI,10941,charlesbrowning@gmail.com,
Mike,Mills,294 Conway Shore,North Kevin,HI,27219,hcampbell@anderson-davis.com,+1-820-208-4712
Christine,Matthews,94795 Sims Mill Suite 869,Jameston,ME,38530,lsmith@hoffman-perkins.com,+1-000-858-7952
Matthew,Woodard,58839 Carla Lightsi,Lake Amymouth,WI,32326,nguyenlindsay@hotmail.com,
Alexander,Shaffer,044 Thomas Meadows Suite 682,Ryanview,VT,59558,elizabeth59@yahoo.com,(947)054-3324
Seth,Jonese,25840 Gilbert Throughway,Joshuamouth,OR,42142,karensampson@schultz.biz,+1-496-810-6233x8105
Caroline,Lee,86095 Sanchez Parks Suite 101i,Williamsshire,MS,67239,vdurham@hotmail.com,
Juan,Sanchez,48803 Shelly Tunnel,New Jimmy,TN,52607,ntaylor@hotmail.com,001-169-196-4594x8159
Ann,Bailey,63421 Kimberly Lock Suite 942,Lake Jillside,KY,20554,,
Franklin,nuarB,264 Jeremy Crossing,Lake Nicoleborough,IN,78536,,(802)789-9871x96822
Richard,Lee,253 Carlos River Apt. 995,West Edwardmouth,DC,05231,timothy24@gmail.com,+1-014-516-5245x7202
Jonathan,Payne,9872 Gonzalez Landing,New Jenniferberg,IA,65817,berrydonna@yahoo.com,+1-502-860-6311x461
Andrew,Miller,8561 Troy Village Apt. 279,East Amandaport,MI,98620,,(580)683-4115x564
Jonathan,Barber,6503 Bonnie Mountains,Teresafort,DE,19811,,
Aaron,Lee,785 Howe Cliff,Port Jaredmouth,KY,27099,amyrowe@poole-marshall.com,+1-599-397-5571x82177
Paulu,zitrO,05028 Jones Course,Brittanychester,TX,99172,ymoody@hotmail.com,
Harold,Ewing,5876 Matthew Expressway,South Carolineberg,OH,03751,,740-141-0625x850
Laura,notsgniviL,4386 Jennifer Ford,New Allison,WV,45208,xboyd@joseph-garcia.org,744.809.5969
Seth,Miller,653 Scott Islands Apt. 769,Jonestown,OK,09880,,700-731-7884x9912
Jim,Smith,007 Pierce Ramp Apt. 572,North Joshua,VT,97336,mirandamolly@arnold-manning.com,(208)938-0310
Tara,Tran,68007 Nancy Mill Apt. 810,West Caseyfurt,GA,32950,guerrachristy@yahoo.com,+1-880-547-5024x96116
Tiffany,Lynch,560 Shah Drive Apt. 770,Jordanbury,NM,09083,marshalltiffany@yahoo.com,476-774-5961
Sandra,Jimenez,35949 Burton Street Suite 703,Lewischester,IN,49148,,
Kelsey,Thomas,4234 Garcia Roads,Torresview,NM,27932,,+1-615-777-2725x522
Erin,Frederick,471 Medina Ford,North Thomas,NM,59511,jordan49@gomez.com,467.094.6712
Brian,Johnson,48132 Katherine Heights,West Bruce,DC,98838,andersonthomas@mcclain-chase.org,+1-267-831-2446x9035
Jessica,King,54038 Newman Cliffs Suite 092,North Aliciaport,NC,11382,,490.721.8974x611
Katelyn,Wiggins,913 Elizabeth Circle Apt. 859,South Karamouth,OH,65773,williamssandra@gmail.com,+1-491-054-9396
Tammy,Mcclain,46893 Wallace Locks Apt. 826,Lake Jessicaville,TX,96673,iking@gmail.com,
Paul,Parks,92811 William Green,South Brandon,AZ,43385,bbutler@thomas.com,001-180-210-4163
Jim,Avila,5875 Regina Hollow Apt. 910,Stephanieport,NE,03290,pkennedy@johnson-jones.info,001-871-953-7832
Raven,Turneri,55953 Wilson Spurs,Jordanhaven,IL,06068,chapmanandre@boyd.org,105.384.1909x354
Jeremy,Houston,3791 Michael Hollow,West Kevinside,PA,05607,bonnie37@hotmail.com,
Steven,Young,64950 Meredith Bridge,Jorgetown,NJ,36872,,(897)110-1267
Jasmine,prahS,20399 Stephens Harbor Suite 284,Jillfurt,NV,03482,ckeller@frost-cameron.com,001-376-748-0357x34058
Brandon,Mullins,7014 Jason Villages,Lake Douglas,OH,12043,rwelch@garcia.com,851-794-5018
Mallory,Hill,26220 Tina Forks,Marychester,AL,61491,hmorris@yahoo.com,836-836-4321
Melanie,Moore,2431 Steven Locks Apt. 671,North Kayla,MN,00935,,001-357-056-9905
ynattirB,Acosta,30899 Daniel Dam Apt. 117,Brownside,WA,69482,patrickbryant@camacho-taylor.com,497.100.9816
adnohR,Rodriguez,38129 Park Camp,New John,NC,42833,,
Kathryn,Johnson,99106 Brian Harbor,Port Reginaldland,LA,11851,oconnorgeorge@hotmail.com,(310)800-7869x585
htenneK,Rios,92602 Combs Shore Apt. 614,Jeremyhaven,HI,50502,tracyfitzgerald@gmail.com,001-235-193-0833x69525
Jonathan,Gill,08674 Stone Ridge Apt. 960,Lake Julie,WI,88313,,
Andrew,Young,766 Anthony Burgs Suite 711,Port Alyssa,OR,07051,shawn29@hotmail.com,+1-043-913-5779x743
Julie,Mays,2997 Brian Alley Apt. 918,Hughesburgh,CA,39273,,
Corey,Khan,477 etiuS yawsserpxE nairB 6517,South Brian,MO,89543,,+1-312-004-5282x47362
Dave,Taylor,8944 Vanessa Club,Gutierrezshire,ME,81569,elizabeth04@yang.com,001-134-679-8967
Jacob,Wright,9934 Madeline Square Suite 900,Vancemouth,AZ,52665,,(267)105-2502
Sean,Guerreroe,0962 Shields Tunnel Apt. 282,East Bobby,UT,70392,,(872)153-3136
Kimberly,Simmons,218 Choi Ramp,Evansmouth,WV,96220,markbarton@mcbride.info,+1-065-409-2076
Chad,Bennett,8675 Ross Passage,Abbottfort,ID,79709,,051.607.3461x2727
Kimberly,Garza,4889 Christopher Lakes,Brownton,TN,81572,,001-258-816-4320
Erika,Haynes,81081 Barnett Landinge,Gregoryport,MA,86898,natashaperez@hotmail.com,392.278.2916
Brian,Willis,452 Price Valley,East Anthonytown,NC,18106,ashley71@jimenez.com,
Dave,Cameron,949 .tpA gnissorC treboR 4887,Port Christopher,MO,52593,benjamin57@shannon.com,
Samantha,Wagner,77902 Keller Corner,Bowenshire,VA,62018,bradleykeith@yahoo.com,390.310.2053
Amy,Morrisa,6958 Donna Canyon Apt. 720,North Johnstad,OH,35713,,248.828.1250
Troy,Mitchelli,nelG leoJ 882,Lake John,VA,28252,adrian33@lewis-rodriguez.com,189-377-2480
Rachel,Edwards,867 Dennis Springs,Gibsonmouth,AL,60111,,
William,Santiago,97719 Carlson Islands Suite 961,Herrerachester,AZ,05003,,001-765-217-0489x7246
Mary,Dunn,261 Taylor Mills,Hodgetown,GA,47273,thomas97@pacheco.com,
Liz,Baker,7329 Hill Alley,East Scottmouth,TX,67456,,340-263-9275x8208
Steven,Frey,363 Angela Summit Suite 620,Sherrihaven,LA,33206,sharpcynthia@hotmail.com,(475)412-1848x7004
Michelle,Hinesi,4301 Heather Land,Carolyntown,MD,70270,ronald82@golden.com,7757259153
Donald,Jones,83394 Carly Fall,Port Derricktown,FL,35042,christopheranderson@edwards.com,794-229-8601
Dylan,Lopez,3340 Alison Highway,Martinside,HI,07449,janet21@watkins-booker.com,+1-892-700-0804x66127
Kelly,Jackson,6032 Douglas Wall,Lake Amymouth,AL,96682,camposcrystal@reid-long.biz,
Isaiaho,Fitzgerald,42956 Shaw Street,Nicholasview,ME,35906,hayesjill@paul-carrillo.com,(193)951-7420
Daniel,Evans,32109 Williams Lane,Coleton,WI,32637,,334-443-4454x4981
Nicholas,etihW,4878 Terri Crest Suite 698,Christinamouth,WA,46385,dnguyen@reynolds.com,001-111-512-8458
Michele,Morris,3969 Michelle Passage,North Matthew,MN,79000,,865.243.3130x32990
Jeremy,regeurK,8787 Aguilar Road,West Bryanhaven,MD,24638,scottjames@hotmail.com,908.401.0212
Heather,Baxter,522 Shawn Corner,Port Joshua,WV,39430,,916.945.6217
Donna,Kim,381 Ricky Light Apt. 539,West Tanya,WA,24709,josejimenez@yahoo.com,(246)302-9384
Kimberly,Cook,95275 Norton Burg,East Jenniferton,SD,71562,,+1-830-586-1532x4192
Sue,Vang,9092 Perez Highway Suite 176,North Marcusmouth,ME,62378,karagamble@ramsey.com,+1-693-863-6953
Jill,Richardsi,8676 Amanda Parkways,East Davidside,MN,43143,gravesrobert@hotmail.com,5349745736
Mariaa,Hogan,8025 Aaron Club Suite 229,West Shawn,OH,64008,goodmanmelanie@clark-lambert.com,001-593-957-8222x387
ettennA,Roberts,50330 Daniel Freeway Apt. 048,Williamshaven,TN,87818,mscott@hill.com,001-080-637-9894
Samantha,Miller,58791 Robin Tunnel,Rogersstad,KS,68956,,568.330.4719x4520
Derek,Ochoa,65611 Daniel Common,Greenburgh,AZ,38073,castroleslie@gmail.com,(759)191-7729
Zachary,Walker,835 Jasmine Haven,Mckinneybury,MI,21741,keith32@hotmail.com,001-237-834-6961x958
Edward,Williams,12921 Douglas Tunnel,Nguyenside,NH,78164,lorismith@sloan-bradford.com,
Gregory,Sanchez,46718 Norris Alley Apt. 696,New Derrick,VT,15922,ronald20@allison-west.com,(043)438-4250x41751
llessuR,Griffin,3847 Daniel Turnpike Apt. 581,West Marcus,FL,28857,taylor78@whitehead-kelley.com,
Fernando,Velasquez,524 Martinez Lakes Apt. 240,Youngstad,OH,56563,matthewbaldwin@gmail.com,117.536.0079x129
Ann,Gomez,73860 Pope Parks Apt. 781,Port Codyburgh,CT,09142,jennifer15@gmail.com,(505)835-8025
Andrea,Foster,825 Brian Tunnel Suite 161,Donnaborough,DC,66712,tkelly@gmail.com,572-152-0472x46452
Brandon,htimS,38277 Andrew Cove,Ramosport,AZ,56818,yrivas@salinas-perez.com,001-131-800-2083x89563
Amanda,Bennett,652 Cunningham Ramp,Port Margaretshire,MO,29485,anthonydickerson@yahoo.com,3265485496
Tamara,senraB,043 Matthew Well Suite 977,North Corey,DC,46342,derek92@gmail.com,8444774815
Shawn,Shannon,628 Ashley Gardens Suite 906,Hahnton,RI,76631,,+1-912-362-8581x14530
Christine,Norris,115 Tran Spurs Suite 192,West Kelly,ND,16312,davisstephanie@williams.com,264.703.4033
Denise,Trevino,0875 Angela Stravenue,West Elizabeth,OH,92438,ryanvasquez@shah-fernandez.com,
Erin,Strickland,466 etiuS eniP nnelG 661,Henrybury,DE,62860,hernandezkaitlyn@hotmail.com,4832267521
Leslie,Hooper,1928 Roman Walk,North Danieltown,OR,05175,cyoung@anderson-munoz.com,578-409-2495
Denise,Smithi,0678 Jonathan Streets Apt. 349,Jenniferstad,RI,38373,mccarthystephen@hotmail.com,(927)957-0045x52286
Melissa,Bautista,027 Lisa Valleys Suite 626,Tiffanyhaven,IN,66165,,
Mike,Jones,9714 Patrick Glens,Cindyfurt,MD,27296,tammygordon@gross-wilson.com,915.699.8405
Gabriel,Miller,0845 Michael Mount,New Erin,AZ,03724,steverivera@hotmail.com,263.068.6853x638
Timothy,Peterson,2894 Kristina Via,Jasonfort,IN,35885,rachel65@rivera.net,(489)007-2525x80462
Jen,Montgomery,12163 Robert Walks,West Timothy,RI,16208,medinajessica@carroll-schneider.com,546.304.5845x8073
Jeremy,Scott,332 Alice Circle,South James,CT,68478,wellscathy@gmail.com,+1-388-865-7236
Kristin,Farleyu,51000 Hernandez Orchardu,Mcgrathberg,KY,13321,,
Melissa,Mckee,3667 Martinez Centers Apt. 469,Lake Sarah,PA,48338,erin76@yahoo.com,+1-724-702-4968x3348
Ashlee,Cole,432 Gonzalez Isle,Port Kyle,CA,87955,,509-288-6965x911
Christopher,Black,428 Anderson Row Suite 532,Lake Kelly,ID,68738,,001-592-8823
alegnA,Wilson,54423 Bowman Creek Apt. 865,New Williamshire,KS,55449,wrightcraig@gmail.com,
Kyle,Flores,890 Robert Landing Suite 169,Torresberg,IA,41480,osanford@singleton-morris.biz,+1-526-076-1185x00417
Kevin,Smith,03610 Travis Hills Suite 902,Harveymouth,NJ,23157,donnamcdonald@gmail.com,(814)218-1009
Amy,Hernandez,0196 Lee Gateway,Tylermouth,UT,02174,harperbrittany@garcia.com,+1-300-827-7357x127
William,Johnson,lennuT yarG 147,Cameronview,DC,40061,scottstevens@alexander.org,
Joshua,Matthews,40742 Barber Ways Suite 843,Rebeccastad,NJ,16330,pnicholson@gmail.com,+1-243-505-1459
Amy,Bennett,9201 Michael Passage,Juliestad,KY,71015,kimberly71@miles-hudson.com,
James,Smith,967 .tpA maertS ylloM 2788,North Jason,IL,71675,holmesashley@cruz-payne.info,
Andrew,Johnson,73526 Evans Plaza Apt. 851,Edgarbury,FL,75178,,
Keith,eneerG,033 Kim Cove,Hendersonfort,NH,66963,nathanroberts@evans.com,+1-177-093-6853x9320
Rachel,Sanchez,36212 Robin Burg Apt. 256,Kellystad,KS,89067,,4679262909
Maryu,eciR,15947 Steven Drive Apt. 735,Lisafurt,VA,60875,,527-689-1333
Joseph,Lee,931 Jerome Freeway Suite 097,West Paula,WV,48604,jennifer47@hotmail.com,
Jennifer,Wood,394 Hall Summit Suite 621,Jonathonfort,KY,99878,lbaker@macdonald.com,
Jennifer,Cook,01704 Patel Mountain Suite 453,Calhounfort,AK,20300,serranokatie@yahoo.com,(454)265-9851x247
Jacob,Flores,434 Mary Ports,North Dennisfurt,AZ,15090,djohnson@reyes-anderson.com,
Heather,Hernandez,8096 Chad Road Apt. 941,Mooreview,NC,28325,ryan90@austin.com,001-429-169-9546x22006
Johnny,Garcia,81617 Martin Lane Apt. 951,Rogertown,HI,80279,,
Sarah,Davis,4000 Flores Fall,Port Rachelville,MD,92517,idillon@gmail.com,
Johnny,Gonzalezo,283 Contreras Club,Smithburgh,AK,06028,joshua68@singh-allen.com,347-428-4718
Devon,Long,99511 Myers Spur Apt. 598,New Erika,AZ,34498,,7609969705
Nichole,Palmer,24678 Ashley Drive Apt. 564,North Sarahville,MT,90154,john72@gmail.com,567-849-0450x07216
Jesus,Cruz,415 Donald Harbor Apt. 713,Christophermouth,WV,89594,susan04@hotmail.com,871.929.2691x7508
Tonya,Barrera,04285 James Cliff Suite 249,Ariasland,CT,26909,tannertran@williamson.com,546.358.6103
Christopher,Sanders,20064 Dwayne Gardens Apt. 976,Garciafort,UT,03988,gduarte@gmail.com,177-002-1858
Abigail,orravaN,37156 Victoria Ville,South Seth,AL,05257,michele02@jones.com,(558)502-9391x258
Ronald,Jackson,443 Young Shore Apt. 403,Arellanoland,ND,95685,,001-967-237-9297
Aaron,Lynch,51463 Antonio Loop Suite 842,Lynnport,SC,26408,,
Rachel,Robinson,1534 Beth Camp,New Brittneymouth,WY,69948,,970-795-5267x100
Holly,Barrett,53095 Jennifer Rapids Apt. 118,New Steven,NJ,75252,,588-659-3755x5925
Karen,Williams,556 Cynthia Well Suite 491,West Ericville,NH,90789,garrettluke@yahoo.com,+1-225-225-7573
Caleb,Marks,004 Collins Points,Lake Douglas,VA,87067,,138.177.1200
Amanda,Larson,776 Marquez Fork,East Lisa,MT,69444,,(851)183-7488x4188
Christopher,htieK,7338 Jon Islands Apt. 341,North Carrie,MI,94048,susan41@nichols-gonzales.com,(089)425-6755
Troy,Villegas,3217 Shari Isle Apt. 869,Amybury,MS,18905,karagomez@rogers.com,977-285-2315x89514
Eric,zepoL,88777 Michelle Spring Apt. 350,Castillomouth,WV,31982,nicholas37@thomas.net,
Russell,Dean,168 Brandon Springs,Lake John,NY,81157,heather96@miller.com,685-749-2213x9933
Shannon,Ray,6900 Simmons Knolls,New Charles,OR,15608,,001-418-000-5811x5481
Kate,Carter,19948 Lopez Village,Lake Andrewville,CA,75590,,
Bob,Porter,7325 Jeremy Burgs,Lake Sarabury,IN,13533,janetcarpenter@yahoo.com,(576)724-6591
Kelly,Millero,97472 Nicole Fields,Port Stacey,IL,44828,david35@simon-hood.org,003-808-7403x9793
Nicholas,Patrick,184 Michael Shores,Jennifershire,VT,35008,heatherrussell@stokes.com,(933)176-7107x977
Dawn,Alexander,95943 Williams Point Apt. 451,Andreaport,NC,01227,blawson@beck.com,367-059-9961x720
Julieo,Roberts,37341 Jason Turnpike Suite 900,Robertview,LA,51680,,
Johnny,Rivera,043 Katie Terrace Apt. 953u,South Karenfort,VT,79246,perezbradley@fernandez-jones.com,
Liz,Lee,08055 Hopkins Square Suite 155,Port Faithfurt,SC,13251,,(949)765-6049x35917
Nicholas,Walli,084 Adrian Roads Apt. 136,West Timothystad,VA,22516,,(871)316-7406
Kyle,Wright,255 Young Fork Apt. 698,West Eugene,AK,68127,christina17@wagner.com,001-142-898-0022x2131
Steven,Bowman,01314 Mario Square,Bakerport,NH,52598,davidarnold@yahoo.com,
Janice,Smith,93214 Mcdowell Estates Apt. 705,Stephenhaven,SC,23768,,001-237-994-3820
Anthony,Ortiz,128 .tpA niatnuoM avliS 19577,Bryanland,NE,76656,williamschristopher@wallace.com,3253234201
Bob,Brown,5735 Graham Lock Apt. 324,South John,RI,96125,amandafrancis@jones.com,
Alexander,Owens,23851 Mathews Ways Apt. 785,Lake Denise,NY,96728,arroyomark@dunlap.com,(950)801-9606
salguoD,Spencer,975 Stephen River,South Jamie,IL,81926,xpeck@carroll.biz,
Danielle,Clay,20860 Cook Radial,North Jamesbury,KY,80379,stacy65@thornton.com,(147)417-3267x548
Edward,Lopez,49214 Amy Fords Suite 001,Wolfeberg,UT,47073,,(380)446-8281x877
Alicia,Harris,504 Rush Alley Suite 692,Hatfieldhaven,IN,35568,emily95@hotmail.com,572.649.0970x548
Gary,Monroe,5910 Jason Rest,Port Brianshire,SC,71972,jensenvictoria@williams.org,335-612-9496x984
Johnny,Figueroa,8675 Travis Islands,South Jodichester,KS,68842,sandra50@cortez.com,3404869527
Collin,Smith,301 etiuS slleW salohciN 8578,Oliviaborough,ME,55970,,+1-007-929-7366x16141
Patty,Hernandez,742 Karen Plains,Romanville,IN,77132,oyoung@hotmail.com,+1-807-108-9506x05178
Erin,Davis,82407 Taylor Forks Apt. 292,North Richardstad,PA,73689,craig45@campos-lee.info,(993)505-8253x195
Nicholas,Henderson,81640 Kirby Forges Suite 966,New Ashley,OR,64422,,
Stephanie,Jones,26931 Deborah Expressway Apt. 009,Lewisfurt,ME,92533,,
Sue,Curryi,848 Cardenas Lodgeo,Scottfort,NV,24685,,(531)522-5995
Mark,Patterson,719 Karen Estates Suite 729,East Victortown,WV,93294,,(453)440-9371x71672
Joseph,srelleS,69211 Victor Cliff Suite 363,East Lauren,CO,54513,jennifer98@campbell.com,(831)714-7762
nodroG,Allison,706 Simmons Fork Suite 783,Port Elizabethchester,OH,68807,,
Joyce,Ortiz,6673 Nelson Street Suite 824,Mitchellchester,UT,85600,darren55@zavala-hamilton.com,001-391-914-5117x2467
Jose,Garcia,64915 Hardy Terrace Apt. 846,Port Keith,WY,32776,jasonpatel@gmail.com,
Calvin,Bray,827 Nelson Trace,Lopezbury,VT,31327,duarteapril@jensen.info,324-734-5357x718
Becky,Miller,21788 Welch Tunnel Suite 964,Lake Scottburgh,NJ,01969,michaelbrown@gmail.com,+1-018-458-2949
Jason,Heath,5592 Kendra Mountain Apt. 047,Port Monicastad,SD,16629,cynthia99@gmail.com,
Harold,rednaxelA,95511 Jones Branch,Simmonsview,NC,22580,watkinskelly@sullivan.com,
Stephanie,Riley,94989 Steven Island,Brownchester,KY,28165,whitakercharlotte@gmail.com,+1-528-973-4971x158
Henry,Greene,995 Valerie Villages Apt. 452,Fosterfort,MD,10101,srich@davis-hardy.org,894.676.4225x798
Jamie,Martin,2029 Rose Circle Suite 598,Tatefort,MN,14258,ericksonlarry@johnson-williams.com,454.017.3850
Tiffany,Hoffman,9399 Antonio Bypass,New Lisaville,NC,11681,,883-383-7722
Brianna,setnavreC,777 Blankenship Neck,Hopkinsstad,CA,99512,martinezkimberly@smith.info,+1-067-079-8606x369
Tammy,Black,623 Robert Bridge Apt. 073,Zoefurt,WY,26248,stephaniehouston@parker.org,
Lisao,Gray,8125 Jack Pike,Jamesberg,ME,29214,srivera@harrison.biz,
Tina,Dixon,1498 Fitzpatrick Tunnel,East Sherri,GA,94588,suzanne88@torres-johnson.com,866-616-4583
Deborah,Nelson,2204 Alvarez Vista,Leahland,MI,83930,qskinner@taylor.biz,001-564-175-1945
Kelly,Baker,645 Dennis Inlet Suite 787,Lake Ashleymouth,AZ,51386,,(322)495-1833x0561
Linda,Nichols,7262 Fuentes Valleys,Lake Dannyton,LA,64169,wthomas@park.com,731.067.1901x86335
Jasmine,Thompson,909 Rivera Views,Lake Emma,OK,37927,ksheppard@gmail.com,323.733.8128x95688
Shawn,Harriso,5328 Michael Ranch,South Alexanderview,KS,70363,davidlopez@freeman.com,
Kevin,Santanao,001 Michael Crescent Suite 763,South Katrina,MA,02113,lopezwarren@gmail.com,
Michael,Castillo,172 Michael Forest,New Sarahmouth,NC,89536,rsandoval@nelson-rodriguez.com,
Nicholas,Sheppard,6740 Peterson Mountain Apt. 002,North Patricia,MT,10066,,+1-482-928-2065x38433
George,Graham,29396 Hernandez Skyway,New John,TX,89147,bpaul@reed.com,279.072.5058x341
Anthony,Rose,63208 Bryan Walk,West Sarah,AK,87319,salasjerry@hotmail.com,4798597495
Michael,Gibson,2325 Graves Summit,North Timothyfort,HI,58660,manderson@gmail.com,+1-060-283-5459x24261
Liz,Smith,462 Dakota Summit Suite 305,Aaronborough,WY,14894,,
Antonio,Johnson,8550 Carl Grove,North Matthewstad,LA,88897,debbie21@yahoo.com,+1-068-344-3892
Joshua,Sullivan,505 Oscar Route,South Robert,OK,87726,,723.312.2117x0502
Hannah,Edwards,6459 Christina Extension Suite 331,North Josephberg,CO,19645,anahuang@hotmail.com,
Alexis,Ferguson,82596 Richardson Crescent,Deborahton,WA,60005,shepherdpatricia@davidson.com,
Scott,Nguyen,29032 Santana Villages Suite 768,East Robertmouth,TN,73855,kelleryvonne@golden-ross.info,
Lisao,Green,56456 Diaz Shoal,Port Richard,DE,89739,stevenfarmer@mccullough-smith.net,
Cathy,Ramos,779 Gonzales Hills Suite 486,West Kimberly,NV,14519,curtisgregory@ramsey-perez.net,
Alexis,Wilson,9992 Butler Ridges,Port Edwardfurt,NY,60721,bryan90@gmail.com,
Kari,Hernandez,9259 Holmes Road,Davidburgh,AL,47071,michael13@yahoo.com,+1-844-611-1298x497
nasuS,Lindsey,200 etiuS pmaC nhguaV 15525,Maryshire,MA,60534,,301-943-8454x30562
Victoria,Cooper,5666 Alexander Meadows Apt. 543,Michaelhaven,MD,62996,sharon16@lynch.org,069-615-4078x768
Joanna,Rodriguezo,419 etiuS sffilC nitsuD 46633,Laurenshire,MO,86833,,(472)095-1454x78230
Sue,Yates,1361 Theresa Passage Apt. 002,Lake Hunter,CT,47151,zbruce@gmail.com,
Mary,Bailey,95423 Hicks Groves Suite 842,Jamesfurt,IL,52674,lambertmatthew@hotmail.com,
Glenn,tnayrB,009 Casey Village Suite 808,East Vanessamouth,NC,85766,,079.645.3592x27084
Max,Bryant,2390 Michelle Well,Port Davidchester,SC,17932,,246.197.6538x87359
Eric,Barnes,79160 Torres Squares Apt. 946,Samanthatown,DC,71922,osmith@gmail.com,8435775166
Chloe,Collins,569 Robert Park,Sullivanchester,NJ,25228,nathan40@meyer-miller.com,
Kyle,Smith,945 Young Club,Angelaberg,NE,62081,,919.493.3630x71291
Travis,Fox,5702 Kaitlin Cliffs Suite 996,North Alex,MT,63210,douglasbutler@yahoo.com,
Erik,Waters,2857 Jamie Lodge Suite 317,Veronicamouth,HI,13713,juliabrock@hotmail.com,(726)610-3362
Dan,Benitez,8021 Albert Ville,East Brucebury,KY,29387,,001-379-025-7951x1652
Brenda,Cantrelli,6429 Evan Place Apt. 787,West Kayla,CA,08393,tina75@yahoo.com,
Mitchell,Dalton,705 Morrow Cove,Tranmouth,SC,05418,robinperkins@hotmail.com,
Brian,Johnson,9079 Hamilton Burg Suite 730,Richardburgh,WA,12299,campbellmichael@jackson.info,
Patty,Thomas,09333 Kaitlyn Mountains,Vasqueztown,NE,47234,mary49@neal-lane.org,752-188-8587
Chuck,Miller,7305 Powell Keys Suite 480,North Cheryl,TN,65511,kathryn22@clark.info,001-342-497-7573
Jeremy,Sanders,07232 Gallegos Junctions Suite 934,Obrienmouth,LA,71969,,001-698-747-1943x564
Mark,Contreras,5799 Moore Track Suite 763e,Hernandezberg,LA,20544,danielle55@thomas.com,(004)878-0646x66865
Beth,Robbins,04253 Peterson Stravenue,Alexandertown,MN,25276,,
idieH,Jones,5845 Daniel View,Bowmanbury,PA,20953,catherine67@gmail.com,9791941405
nairB,Buchanan,765 Williams Road Apt. 585,South Jasonbury,OR,81000,xthomas@williams-hunt.org,265-160-5116x8683
Kristin,Perez,47583 Lee Light,North Jasminport,IA,54039,mackpatrick@vargas.com,
Hunter,Richard,21593 Bennett Station Apt. 088,Barkertown,SD,92707,,
Lisa,Bradshaw,3831 Blake Loop Suite 869,Kelseyburgh,UT,91812,gail04@gmail.com,(625)400-6637x81417
Nicholas,Hines,885 .tpA sronaM araS 4372,Youngville,NE,68176,williamsonsamantha@hotmail.com,357.142.5300
Leah,Brown,498 Brooke Ville Apt. 169,South Michaelchester,WY,97763,dale53@james.net,4223894051
Jesse,draW,80445 Emily Alley,Lunaport,ID,26319,robert33@yahoo.com,658-752-6154x4925
Erika,Townsend,5703 Horne Walk Suite 393,Port Robert,SD,53004,psanchez@gmail.com,272-657-6731
Robert,Lane,1797 Diaz Unions Suite 359,Josephfurt,MT,56059,paul65@hotmail.com,
Johnny,Mcdonald,78022 Joshua Land Suite 687,West Stephanieton,OR,10142,,041.654.4562
Adam,Shelton,52143 Lee Via,East Lauren,VA,41154,hensonnicole@hernandez.com,+1-336-290-3900x59495
Kathy,Navarro,64982 Jason Street,Martinezfurt,UT,76559,,932-655-0047
Johnny,Gardner,42416 Jennifer Unions,Port Timothy,SD,35334,xwinters@parsons.com,830-937-1167x392
Connie,Church,240 Michael Lodge Apt. 040,Robertstown,NM,25345,ryanorozco@yahoo.com,1048950746
Christopher,Wiley,307 Emily Prairie Apt. 385,Pachecofort,LA,98295,kathleen05@gmail.com,
Jen,htoR,83316 Stephanie Islands Apt. 658,Carrolltown,FL,07295,ahart@yahoo.com,735.249.9836
Shannon,Green,snedraG setaB 22757,Lake Stevenberg,TN,75054,garzabilly@atkinson-johnson.com,687.635.4008
Nancy,Davis,4067 Robinson Tunnel,Erinstad,IL,29921,jonbrown@porter-ortiz.com,418.557.7635x10288
Daniel,Gibson,26866 Ashley Lane Suite 424,Timothyshire,WV,47807,jonathan75@holmes.com,
Tiffany,Hunter,25839 Smith Ford Suite 364,Thomasmouth,NV,89900,,
Richard,Anderson,07225 Welch Greens,North Jamie,AL,11522,,
Willie,Knight,57879 Padilla Spurs Apt. 009,Port Lisa,MS,61718,michaelwang@garcia.biz,149.342.0276x74167
Gabrielle,Walton,4626 Latoya Heights,Haysshire,MO,54422,mkim@bullock.biz,353.244.4096
Marcus,Hernandez,3296 Marc Ways,North Steven,NY,33455,dalton92@hotmail.com,+1-904-078-1565x462
Alexandra,Warei,69683 Michelle Branch Suite 701,North Austin,AL,80907,,+1-067-766-0039x87020
Deborah,Smith,691 Kelly Falls,Wilsonborough,ND,92567,dmueller@myers-hoffman.biz,
Tara,Richardson,7994 Alexander Spurs Apt. 820,Leonardview,KS,97038,kathleenjordan@gmail.com,(445)280-4481
Martin,Salazar,9316 Nicole Rapid Apt. 876,Williamsmouth,MI,55649,,(101)149-6409x45306
Gary,Jones,933 Williams Gateway Suite 083,Lake Candace,NH,86142,melissasantos@cardenas-powell.com,+1-323-352-7751
Samantha,Martinez,789 Sullivan Ridges Suite 513,North Adrianmouth,CO,12087,jamie34@gmail.com,001-858-405-8032x837
Kathryna,Castillo,0445 Tonya Plaza Apt. 574,East Anthonyborough,FL,59664,wendy53@shaw-velazquez.com,
Teresa,Brewer,76298 Best Burg Apt. 577,North Racheltown,NC,48778,millerstephanie@robinson.org,207-128-5014
Laurie,Erickson,47922 Gomez Pike Apt. 094,Johnsonton,DC,53564,gregory95@hotmail.com,
Carol,West,73035 John Isle,South Rickyport,MD,33323,,415-581-6592
Jesse,Williams,566 Parker Lights Apt. 855i,New Haydenmouth,NE,15363,jacqueline30@hotmail.com,(149)665-1790x89808
Donna,Gibbs,641 Felicia Manore,Williamsborough,CA,53312,burtonchristopher@hotmail.com,319-847-3287
Chad,Benson,5599 Jeffery Unions Suite 467,Johnsonberg,OK,80887,franklinbrian@ramos-white.com,
Hunter,Collins,9362 Steele Summit,Nelsontown,IL,06925,robertsmith@gmail.com,+1-579-662-6261x80084
Martha,Roberts,84107 Sharon Landing,East Deborahland,WI,38582,,+1-488-005-2293
Adam,Parker,18670 Montgomery Mountain,New Melissahaven,UT,66752,barbara47@boyd.org,504-509-0858x85058
truK,Dennis,15575 Paul Bypass,Jonesmouth,TX,92958,mwilliams@yahoo.com,
Kristen,Chen,71440 John Fords,West Samanthachester,MN,01512,,666-635-8016x87825
Nancy,Wilson,129 Myers Plaza Suite 172,Jenkinston,HI,04160,,001-797-337-3311x6665
Christopher,Mckenziee,05074 Silva Path Suite 263,Lake Elizabeth,GA,29705,robert13@smith.info,
elyK,Mcgee,14868 Erica Courts Suite 607,Veleztown,PA,58553,fryevalerie@gmail.com,
Allen,ekralC,45816 Lynch Drive,East Gary,RI,79954,,380-187-3705x650
Stanleya,Perkins,54735 Moon Summit Suite 838,South Carolstad,ME,58667,jamesmichelle@hotmail.com,
Brooke,Lane,24682 Price Crest Suite 175,Rodrigueztown,IA,27934,dawn84@gmail.com,4252526887
Sarah,Diaz,58943 Gilbert Underpass,South Amanda,MA,28782,martha88@gmail.com,651.794.2795
Heidi,Johnston,4541 Rios Lakes Apt. 390,Ianport,DC,46821,allenrobinson@hotmail.com,
Jill,Scott,633 Dorothy Trail Apt. 531,Janetland,IA,97840,,001-989-498-8795x9459
Grant,Parsons,16046 Terry Mews,Timothybury,TN,95797,johnsoncharles@gmail.com,
Kimberly,Carter,82017 Austin Plains Suite 134,New Keith,NM,90388,mendozaelizabeth@simpson.com,
Paul,Anderson,18534 Mooney Spur,Edwardshaven,TX,42891,jacobsonchristopher@chang.com,
Wayne,Beltran,923 Gabriel Lights,East Ryan,RI,07058,kayla52@williams-norris.net,225.252.8427x9459
Kevin,Powers,29736 Roberto Island Suite 378,North Lisa,AK,29610,,811-031-6861
Cheyenneu,Cruz,982 Donna Vista,Goodwinchester,NV,23311,cnguyen@padilla-zimmerman.com,(429)543-3034
Gregory,Williams,4210 Johnson Locks,Lake Tiffany,IL,72620,combscameron@johnston.com,920.634.6081x07234
Erica,Reyes,25082 Lori Walk,New Josebury,NJ,80958,anthonycook@graham.com,068.246.3683
Ryan,Morgan,54824 Amanda Ford,Michaelburgh,SD,53634,davidsonblake@gmail.com,347.324.4727
Jamie,Johnson,65860 Heather Alley Suite 149,West Loriton,AL,20599,,
Emma,Pennington,nedraG yerffeJ 69237,Chadfurt,RI,41130,josephaguirre@mitchell.com,474.663.1809x03011
John,Ramos,554 Garrett Mission,Wagnerbury,AL,66457,wendy02@yahoo.com,
Samanthao,Martinez,35691 Linda Skywaya,Woodshire,CA,91510,charles26@collins.biz,018-927-5942x82093
Mike,yarG,850 Bruce Well Suite 442,West Tonyaville,OK,02647,alyssa82@ferguson.com,
Bryan,Bennett,519 Martinez Village Suite 373,Martinbury,GA,26959,luke28@gmail.com,
Bethany,Maldonado,43870 Anna Garden Apt. 838,North Kevin,AK,40208,lesliegreen@yahoo.com,001-304-959-8375x7570
Dave,Webb,5690 Kevin Estate,Noahview,DC,30682,kgraham@ware.com,
ylrebmiK,Smith,158 Angela Station,Jenniferland,KS,15253,,255-319-5769x69227
Johnny,Taylor,1982 Benjamin Gardens Apt. 335,West Elizabeth,NY,63915,andrew17@gmail.com,001-146-338-4065x16917
Mike,Franklin,854 Shaun Stravenue Apt. 685,New Kimberlyport,IN,73332,briannalin@torres-sherman.com,001-968-552-0200x7604
Shawn,Vincent,52068 Erica Mountains,Ianton,ME,60344,weaverkimberly@price.com,+1-838-885-0178
Adam,Ortize,3937 Schwartz Shoals,North Michaelburgh,MT,99286,,649-467-8583
Liz,Li,15740 Timothy Greens Apt. 779,Port Codyfort,NH,32964,jason90@gmail.com,
Andrew,Floreso,74146 Morris Track Suite 243,Kristinaburgh,CT,55119,,+1-477-989-4676x260
Kelly,Harding,7104 Heath Turnpike Apt. 937,Morganville,NE,58000,,677.689.9361
Andre,onarreS,31651 Rachel Path,Mistyview,DC,01556,myerseric@wilson-watson.info,(569)857-4698x158
kraM,Clark,364 Joseph Isle,Lake Jamestown,CO,52875,lsmith@hotmail.com,
Brittany,Lopez,165 Hunt Run Apt. 801,West Taylor,MO,48801,ystevenson@smith-baldwin.com,+1-348-349-4135x3757
Tracey,Ward,613 Stacy Hill Apt. 689,New Michelleport,KY,13342,brandon60@hotmail.com,
Jason,Perry,269 Ashley Tunnel,South Martinton,MS,48379,carsonlaura@roman.com,
Christopher,Clark,09765 Nguyen Prairie Apt. 726,Bruceburgh,ND,04010,vazquezgregory@clayton.biz,
Sheila,oirasoR,06896 Cathy Locks,West Victoriamouth,MO,39537,paigejohnson@hotmail.com,352.278.3347x155
Cathy,Benson,045 English Tunnel,Diazton,TX,62857,,957.731.1423x15302
Donna,Cox,0566 Brianna River,East Ronaldshire,IN,28385,cbrewer@gmail.com,445-275-5961
Jim,Marshall,73637 Nguyen Meadows Suite 692,Pamtown,ND,29875,vweber@hotmail.com,+1-683-397-0815
Jen,Moore,416 Jessica Common Apt. 176,Jeffreyland,PA,36021,mckeetracey@williams.com,
Karen,Mcmahona,220 Rhonda Mews,Annbury,NV,42947,,
Rachel,Hinton,319 Michael Burgs Suite 793,Loganton,AZ,29279,marydavis@hotmail.com,
Amy,Sanchez,577 Pierce Motorway Suite 514,New Matthewburgh,OR,69557,hicksronald@hawkins.info,001-490-592-9139x2239
Shannon,Alexander,75452 Aguirre Parks Suite 749,West Brianchester,NE,93618,kwhite@brady-sanchez.com,
Emily,Rivera,90733 Carol Track,Blackburgh,MT,68517,,139.736.1032x72056
Melissa,Jones,62941 Chavez Ports Suite 063,Montoyatown,AZ,12404,ubenson@figueroa.org,0206003054
Todd,Weaver,244 Shaw Roads,Kellyville,OK,42110,john82@castillo.com,(570)760-7565x9042
asiL,Rodriguez,5413 Abigail Parkway,New Michael,MI,62962,,
Derek,Anderson,773 Kathleen Trail Suite 531,Port Wendy,WA,04831,,967.400.9661
Hannah,Miller,558 Walters Drives Suite 563,South Joelmouth,AK,85595,qherring@hotmail.com,
Gina,Thomas,8530 Justin Plains,North Jonathanborough,MN,10041,,001-410-194-4389
Jeffery,Mccarthy,8995 Nancy Station Apt. 314,East Jasonmouth,AK,20774,fjones@williams-mathews.com,926-290-9997
Raymond,Schaefer,53664 Zachary Parkways,North Karen,MO,08956,zmorris@hotmail.com,
Rebecca,Ali,7383 James Crossroad Suite 498,Barrontown,VA,46558,josecooper@gmail.com,
araT,Brocke,848 Grant Camp,Jeffreyberg,CT,65958,,
Vanessa,Richardsoni,518 Christopher Lane Apt. 053o,New Kenneth,GA,91967,karla37@hotmail.com,(497)188-7013
James,Williams,5094 Derek Club,West Curtis,TX,39328,warellano@yahoo.com,
Bob,Robinson,205 Taylor View,Davidport,MD,96351,ybaker@yahoo.com,740-013-2112x0945
Felicia,Kelly,695 Howard Circle,South Melissa,RI,20185,,
Timothy,Perez,4698 Robert Track Apt. 115,Taylorview,MA,75308,tcaldwell@hotmail.com,126.810.2503
nageM,Dunn,322 etiuS lliH renraG 7106,East Emilyview,PA,57892,nicholasavery@snow.net,
John,Fernandez,9759 Reid River,Port Vickie,AZ,69176,kimberlygray@olson.org,
Bryan,Browno,42460 Suzanne Passage Apt. 553,Choiville,IA,76858,peter60@hotmail.com,199.333.8070
Janet,Allen,49005 Williams Dale,Christopherfurt,OH,27504,lunajohn@johnson-young.com,
Charles,Allen,59187 Angela Common Suite 948,North Jonathan,MI,61510,carterjacob@tapia.com,219-290-6417x161
Michael,Fuller,maD roverT 04687,Adamland,LA,82190,,
Ana,Gibsonu,3790 Hannah Port Apt. 271,North Courtney,MS,59650,derekjohnson@hotmail.com,768-126-9402
Madison,Robinson,224 .tpA lliH yesdniL 814,Feliciashire,GA,59311,,(175)054-7632x725
ynattirB,Baxter,6236 Megan Summit Suite 408,Masontown,OK,03122,beltransamantha@johnson.org,(596)768-4859
Eric,Harris,04290 Henry Views Apt. 111,Huangchester,ID,02610,owalker@yahoo.com,(841)265-0994
Cheyenne,Lane,33301 Miller Islands Suite 407,Maxwellstad,KY,12407,,(176)287-4062x688
Melanie,Davis,01038 Martha Mall,Jonesport,LA,19359,,
Andrea,Smith,317 Hall Port,Michaelside,MS,19445,andrewthompson@hotmail.com,001-574-107-5433
Andres,zonuM,4905 Joel Roads,East Bethanyside,IL,78479,,(042)951-2483x2018
Theresa,Jones,409 Dorothy Views,Prestonshire,CT,06389,mendezmichelle@yahoo.com,+1-760-131-0658x46763
Laura,Jefferson,0242 Adam Branch Apt. 640,Pamelachester,AK,76786,,001-622-399-6197x37990
Sue,Obrien,9674 Miles Course Suite 685,North Shellytown,MD,53493,,001-788-649-0076
Mary,Humphrey,035 Nunez Corner,West Daniel,RI,09000,valentinekaren@yahoo.com,765.060.9466x606
Jose,Bray,4702 Case Motorway,Juliefurt,KY,91383,,+1-605-371-4412x18704
Mark,Jones,783 Mccann Hill,North Angela,MS,65578,,
Alyssa,dnalrafcM,87907 Patricia Dale Apt. 435,North Kathy,NM,97497,,
Jeffrey,Jensen,5391 April Roads Apt. 145,North Mark,IN,99161,joycelisa@hotmail.com,
Johnny,Graham,4898 Simon Loaf,Lake Cory,NE,65392,pereztodd@gmail.com,
Jen,Yoder,617 .tpA sweiV navlaG 9381,Johnsonhaven,LA,12274,,958-125-5716x3297
nevetS,Evans,3039 Jones Center Suite 334,East John,HI,77296,sherri56@hotmail.com,
Rick,Gonzalez,233 Christopher Pike Suite 409,Port Davidfurt,CO,85151,,
Christina,Miller,73672 Ashley Shoal,Port Kenneth,IA,77556,,9663798902
Heather,Davise,52910 Christopher Estates,West Janetstad,FL,42643,cohensarah@gmail.com,(011)883-9341
Michael,ewoL,017 Anderson Extensions Apt. 830,Tinaview,SC,63080,alan49@hotmail.com,001-954-299-9622
Brian,Hunt,33894 Ross Prairie Suite 064,Martinborough,NY,46123,ahess@yahoo.com,001-806-373-6261x2321
Brian,Williams,0967 Hurst Walk Apt. 235,Jacksonmouth,HI,84314,omarwhite@sanchez.net,606-678-5995x3775
ardneK,Wilson,046 Robert Vista,West Katherine,KY,10672,ndiaz@walter.net,+1-290-609-6970x8329
Sherry,Brown,9637 Reed Ways,Hannahberg,IL,15333,xhanson@yahoo.com,001-648-882-1981x55666
Pamela,Perez,621 Williamson Groves,Dylanfurt,AK,72126,,+1-017-391-3676x234
Angel,Hill,00316 Joyce Expressway Apt. 303,Lake Matthew,OH,81887,,271.071.8618x99617
Maria,Valencia,678 Brown View Suite 254,East Megan,NJ,48306,dominguezjoshua@christensen.com,
Julie,Gross,2569 Angela Mountains,Byrdtown,SC,24832,deanna47@chaney-moore.com,815-817-0797
April,Garcia,275 Ward Center Apt. 699,Aaronchester,MI,13423,hbaldwin@hotmail.com,(339)096-8311
Joseph,Erickson,186 .tpA syaW dooH 80483,West Darrell,IL,92943,mooremelissa@robles.com,
Andrew,Orr,9374 Andrew Fall,Port James,KS,28079,dbaker@daniels.org,
Joe,Ortiz,709 Mark Light Apt. 913,North Thomasfurt,CA,73543,alfred27@gmail.com,+1-803-387-3497x635
Monica,Garrett,7396 Adam Track Suite 490,East Rachel,NM,27875,,641.792.3034
Kristopher,Mckinney,6585 Glenn Ford,Lake Teresaburgh,LA,29858,,077.330.8787x64498
Kyle,Miller,527 Donna Meadows Apt. 996,Lake Robert,WI,75037,sara10@sawyer.biz,334-051-7466x92936
Dana,Grimes,561 .tpA daorssorC yendoR 050,New Tammyberg,WV,94357,johnsondale@gmail.com,001-368-463-0651x7538
Liz,zedneM,77749 Peterson Mountain,East Andrea,TN,95801,,617-095-9499x7742
Casey,Riley,435 Brian Forges Suite 961,Cookstad,NC,55939,maryzamora@green-hendricks.com,333-473-9360x72936
Tracy,Bowers,20257 Kelsey Via,Mitchellfurt,PA,05627,teresablevins@mosley.com,
Edward,Griffin,03081 Lisa Fall Suite 695,Kingfurt,ME,18674,jpatterson@hotmail.com,762-804-2742
Gregory,Hamilton,600 Thomas Estate,Samanthaport,MI,29687,hstevens@potter-webb.com,+1-280-232-1111x1041
Amy,Page,339 Burch Spurs,South Katherineberg,MA,48843,,0072485601
Vincent,Clarke,29573 Gordon Mountains Suite 202,Ellisfort,KS,74285,kelleramber@becker.com,761.223.9000x349
Mary,Mckenzie,74918 Denise Freeway,Melissaberg,ID,64862,patricia69@ballard.com,(638)180-4156x395
Jamie,Ortiz,907 Laura Rest,Woodston,OH,05879,,
Chuck,Meza,10517 Stephen Roads Apt. 418,North Christine,AL,89116,,874-037-0255x02320
Mary,Morris,976 Amy Drive Suite 812,Johnsonfurt,MI,25596,,215-743-1650x211
Wendy,Gonzalezi,921 May Viaduct Suite 021,Keithfurt,NC,81804,,
Patrick,Rodriguez,92863 Carter Shoal Apt. 542,New Lorishire,AL,60051,birwin@smith-ortiz.com,001-953-334-4829x939
Jessica,Holmes,667 Eric Stravenue,Patrickchester,DC,42293,gregoryrobert@gmail.com,845-918-1520x8787
Samantha,Anderson,8151 John Stravenue Apt. 872,New Brittany,ID,18855,,+1-833-969-6984x58126
Beth,Maldonado,6950 Christopher Courts Apt. 913,East Jonathan,HI,27497,cchavez@gmail.com,+1-096-849-5345
Morgan,Townsend,noitatS namzuG 099,East Brendafurt,MN,64869,william90@yahoo.com,266-178-8010
Brent,Mcdonald,2919 Robert Manor,Myersbury,ND,07220,burtonkimberly@gmail.com,(879)829-1992x60701
Chuck,Nelsonu,97702 Wilson Alley,South Terranceborough,TN,10604,nvelasquez@gmail.com,001-271-847-8590x203
nimajneB,Wilson,21821 Barbara Well,Ryanstad,KS,90515,,606.948.6618x029
Bob,Brown,setatsE tsorF 931,Audreyton,ND,43998,,
Troy,Smith,386 .tpA sniatnuoM drahciR 2102,Christopherburgh,MI,18791,jonesjennifer@hotmail.com,001-789-214-2485x3273
Tasha,Glover,94532 Yolanda Fields,South Lindsaybury,ID,40312,kgutierrez@holmes.com,838.310.8781x79133
Jen,Steele,443 Danny Trafficway Apt. 537,East Nathanhaven,AZ,69669,,001-774-627-6657x2061
Roy,Alexander,11747 Palmer Squares,Jessicaburgh,CT,70897,hartamy@yahoo.com,796-379-2297x861
Diana,French,2670 Taylor Mission Apt. 965,West Nicole,ND,15974,william96@thompson.com,
aicilA,Nelson,75067 Arnold Ridge Apt. 786,Seanburgh,NC,27580,kathryn43@hotmail.com,
Tamara,Gonzalez,07093 Freeman Dale,Gibsonburgh,AL,93125,jessica77@gardner-garcia.com,210-640-9020x15473
Olivia,Hart,5231 Jeffrey Branch,Hillshire,NM,78476,,+1-274-017-0543x40096
Charles,Sanchez,21734 Peters Flat,New Stephanie,IN,27384,cindyjoseph@palmer.com,603-324-8728x850
Donald,Martin,10751 Smith Rapids Apt. 216,Carpentermouth,MT,70537,ebender@wallace.biz,+1-827-560-2691x390
Tiffany,Allen,593 Lopez Turnpike,Morrishaven,WV,73028,anthonydaniels@hotmail.com,
Jennifer,Hurst,1814 Leah Stravenue Apt. 030,Ronaldburgh,MI,26900,johnsonjonathan@yahoo.com,+1-686-049-6166x9681
Michael,Castro,34675 Patrick Shores,Port Mariamouth,CA,46346,frank17@gmail.com,
Gary,Smith,27745 Parker Hills,West Kennethland,AZ,91626,katherine44@yahoo.com,(980)459-5523x06302
Samuel,smailliW,05162 Stanley Court Suite 858,Valerieland,IA,67439,,(928)456-7230x622
Mike,Jackson,52748 Rios Keys Suite 006,New Susanside,ID,52085,,+1-023-087-1269
Kelly,Jackson,41383 Delacruz Orchard,Juanfurt,KY,40916,,+1-349-001-0296x2181
Jim,Harrison,076 Everett Tunnel Apt. 869,South Jamesland,MT,27779,,0533711898
Becky,nitraM,53317 Henson Crest Apt. 649,Lake Jamesburgh,NE,48787,xjohnson@miller-west.com,9024078401
Jacqueline,Franklin,876 Carl Path Suite 170,East Amberstad,LA,60447,sandramurillo@ponce.org,
Mitchell,Huang,5658 Angela Divide Suite 113,Jessicaville,TN,65605,,
nwahS,Parker,29330 Curtis Center Suite 649,Matthewburgh,MN,47729,,
Michelle,Johnson,3748 Cunningham Walk Suite 308,West Jacob,MO,36900,,+1-522-699-5300
Adam,Jones,19385 Kim Springs,Jeremiahberg,WI,01785,alicia69@oconnell-garner.com,678.551.5783x9615
Rebecca,Ortiz,40682 Goodman Fields Apt. 389,North Ericmouth,IA,35777,wrightstephanie@davis.biz,888-546-6662x875
Michelle,zereP,62503 David Grove Apt. 151,Port Tim,AL,95488,max67@bass.com,+1-643-929-9479x605
Joseph,Zuniga,536 Ford Plains Apt. 829,Lopezchester,NJ,60355,,001-300-361-0277x9987
Sean,Taylor,6626 Orozco Key,Shawnfurt,NM,82597,pamelaross@garcia.info,+1-866-011-0974
Kyle,Carey,1504 Carolyn Locks,Grayburgh,TX,77000,nicholas35@clark-brown.com,
airaM,Ponce,9359 Ramos Stream Apt. 009,Thorntonmouth,HI,83280,,+1-809-585-3418x0544
Dennis,Palmer,91541 Palmer Radial Apt. 293,Lake Randallberg,NV,36403,,001-490-824-7222x2438
Brandy,Brown,55110 Henderson Points Suite 201,West Tina,AL,65316,amynavarro@gmail.com,
Tina,Moreno,522 Johnson Plains Apt. 476,New Michelle,NM,06850,,012-193-4664x396
Marie,Miller,9498 Kelly Branch Suite 462,Brownmouth,ME,67177,christinebradshaw@hotmail.com,132.325.1425x996
Rebecca,Chandler,480 Moore Park Suite 425,Rebeccaborough,DE,99825,usmith@jenkins-david.com,
Nathan,Griffin,070 Sanders Springs,North Lindsey,KS,08482,hhughes@yahoo.com,+1-995-336-7844
Mark,Johnston,652 Carly Way,Stonehaven,WV,11116,melanie52@gmail.com,
Sharon,Turner,17432 Debra Extension,Port Christopherland,AK,06379,kelly67@yahoo.com,
Bob,Lee,98429 Susan Tunnel,West Lindaville,DC,45259,chadbush@douglas.com,
Kaylee,Ward,848 Andrew Land,North Josephberg,MA,88081,,
Joy,Kerr,038 Cynthia Run Apt. 371,Lisamouth,OH,23454,,+1-075-542-2559x0137
Jessica,Welch,2156 John Pine,Laurenhaven,ID,00564,rodriguezjames@gmail.com,+1-106-262-8460x660
Ronald,Chen,76122 Steven Station,Riveraville,ND,70452,,
Jen,Jones,86150 Steven Tunnel Suite 423,Port Jennifer,ID,05984,,
Jim,ydooM,274 Clay Light Suite 269,North Zacharyberg,LA,14505,andrewmcdonald@castaneda-wells.com,+1-946-973-3634x7352
Stephanie,Lopez,5276 Alicia Harbors Apt. 212,North Nicholasshire,OK,98865,,442-218-5048x0608
Vincent,Cox,021 Herrera Overpass Apt. 009,Hoffmanbury,MD,93531,dennisgonzalez@yahoo.com,
Michael,GayGay,1612 Sanchez Shoals Apt. 280,Daltonview,MD,47393,richardsmith@hotmail.com,+1-099-926-5964x011
Donald,Byrd,94407 Bailey Corners,Lake Taylor,OK,47040,,
Sean,Smith,136 Adam Squares Apt. 591,Parktown,OH,97526,,
Sherry,Dixon,8033 Jones Gardense,Harrisbury,ND,36629,,001-109-141-6987x8911
Melissa,erooM,67737 Allen Ports,Port Brandon,LA,62633,deborah92@gmail.com,026-814-8069x76539
Jennifer,Brown,swodaeM yrraB 15458,Wilsonchester,OK,16625,mary12@boyd.com,+1-208-261-8506x97679
Angela,Walls,819 Michelle Mountains,North Meganchester,CO,72367,,686-843-6551x80212
Joseph,Webster,85095 Holden Streets Suite 188,Mckenziechester,NY,50914,,(776)607-5853
Matthew,Liu,2758 Williams Summit,West Kristenview,WI,49405,daniel55@daniels.com,802-729-2658x65282
Travis,Vega,35468 Laurie Motorway,Monicabury,TX,11813,,0820064819
Mario,Simpson,9592 Parrish Crossing,Petersonshire,OR,96347,,
Joel,Hayes,3103 Pollard Station Apt. 477,Jefferybury,GA,12883,,(055)951-5717x379
Charlene,Henry,2931 Anthony Squares Apt. 684,East Samuelside,ND,25792,alexander58@hotmail.com,
Roberto,Summersu,53906 Reyes Spur,Sosastad,MS,08761,colemanjennifer@white-wilson.info,(604)242-9522x91023
Jacob,Mckenzie,576 Matthews Key,West Anthonyborough,NM,39272,gregwilson@hotmail.com,3578856155
Patrick,Adams,51848 William Coves Apt. 934,South Nathanville,TN,68998,dhampton@meyer.info,(003)195-3603
Frances,Hampton,693 King Mall,Valerieside,AL,03166,daniel52@gmail.com,001-734-655-8694x181
Betho,Hernandez,45388 Davis Mission,Lake Kylie,NE,83102,rachelsmith@brown.com,898.747.9996
Corey,Morales,87558 Morris Throughway,Navarromouth,NY,47748,gary75@hotmail.com,648-006-6969x97361
Maria,Dudley,14283 Kayla Park,New Katrinaburgh,MD,84671,browncody@yahoo.com,
Patty,Bates,49272 Jason Groves,Lake Lorichester,KY,44482,zfisher@gonzalez-mcknight.com,001-192-962-6191
Anna,Nelson,51231 Ashlee Station Suite 614u,Kingland,CT,35051,margaretlucas@good.com,(493)005-7542x6965
Alyssa,Shaw,0607 Mark Pass Suite 182,Lindaport,AZ,56389,lambaaron@gmail.com,001-650-565-2782x845
Leonard,Shields,79985 John Lights Suite 799,Johntown,NJ,87470,umartinez@thomas.com,
Jill,Smith,54202 Young Inlet Apt. 094,Antonioshire,SC,46093,gnelson@torres.biz,
Sarah,Davis,462 Samantha Camp,Robertsonhaven,OH,49941,michael21@yahoo.com,6578445315
Frank,Harris,1102 Meyer Flat Suite 428,Stevenborough,NC,40437,paultara@peck-martinez.info,
Patty,Weaver,52553 Michael Coves,Turnerhaven,NE,34268,brittany76@gmail.com,(664)162-4684x957
Craig,Grant,3105 Dana Landing,North Angela,WA,16157,robertramirez@hotmail.com,+1-187-501-7161x62341
Russell,Lee,029 Brian Overpass Apt. 959,Heatherborough,PA,03104,chavezalexander@wright-brown.org,3021250928
Ashley,Foster,424 Carolyn Lane,New Joshuaport,NJ,55107,,(605)256-2860x183
ynohtnA,Barnett,53521 Velez Lakes Apt. 703,Tiffanyport,MA,67476,amandawatson@peck-adkins.info,
Wendy,Walker,3864 Moore Hills,Lake Megan,FL,28302,patelalyssa@humphrey.com,+1-301-428-0771
yellehS,Curry,546 Eric Crest,Perezport,MI,11531,johnmoore@hopkins.info,
Bryan,smailliW,658 Martin Circles Suite 880,Susanborough,NE,90129,jaimesims@cooper-macias.net,(655)733-6492
Jeffrey,Maldonado,0282 Rivas Mountain Suite 761,Brianland,IA,44549,courtneypace@castro.org,731-732-2367
Dennis,Berry,5668 Martin Club Suite 334,West Kari,ME,47784,stacy61@gmail.com,001-739-772-3115x75539
Mike,Dodson,43318 Elizabeth Station,Sanchezside,NE,38589,nflynn@yahoo.com,
Haley,Johnson,ekiP rennaT 61300,New Martinhaven,MN,31425,alexander07@hotmail.com,001-440-477-0145
Clayton,Norton,82436 Martin Walk Apt. 845u,West Mackenzie,MO,45550,rebecca71@johnson-parrish.com,001-714-864-5751x0330
Jacqueline,Mcguire,37457 Randy Mount,Lake Timothy,UT,48709,brenttorres@yahoo.com,
Fred,Johnson,2362 Crawford Corners Apt. 078,Brycefurt,CA,32750,,449.054.2417x38432
Christopher,Tate,077 Chad Fort Apt. 220,New Rebecca,DE,68889,lovedaniel@church.org,(528)123-0114x27447
Michele,Brown,6208 Michael Court,West Maureen,MA,32782,gking@johnson.org,001-633-546-8850x836
Molly,Moreno,5707 Mcguire Manor,Lake Paula,DC,93567,chelseale@hotmail.com,
Chuck,Flores,476 Morrison Valleys Apt. 629,South Chris,KY,80502,,
Scott,Welch,963 .tpA snoinU sehguH 279,New Lori,MT,67535,umills@lewis.com,049.134.4849
William,Good,640 Joe Crossing Apt. 867,East Javier,AZ,62917,,(955)095-1855
Michelle,Brown,301 Travis Port,West Misty,KS,93648,carolyn11@allen-hampton.com,
James,Walker,0277 Stevens Glen,Masonland,NH,92779,qbenson@yahoo.com,218.246.2141
William,Allen,458 Delgado Crossroad Apt. 490,East Cathy,SD,89355,wardian@crane.com,
Heather,Conley,956 Troy Hill,West Lisaside,SD,15405,cknight@yahoo.com,+1-640-463-9660
Matthew,Smith,56946 David Wall,West Sarahville,MD,34815,,208-674-7675
Jasmine,Booker,64686 Pamela Trail Apt. 158,Port Kevinton,DE,14678,andersondaryl@hogan-huffman.com,
Maggie,Medina,036 Bailey River,New George,CO,49278,marybishop@gmail.com,
Sheila,Austin,699 Barry Spring Apt. 776,East Ashleyberg,MO,03687,derekdrake@yahoo.com,871-798-7584x73572
Jason,Fox,812 Lee Corner Suite 409u,East Leslie,NH,22399,edward23@hotmail.com,
Amy,Garcia,72642 Patrick Freeway Suite 239,Lake Jennifer,AK,90450,hlee@bryant-gonzales.com,974-368-3340
Brendan,Carter,07431 Allen Mission Apt. 151,Lisahaven,WI,73854,,
yhtomiT,Brown,82600 Pearson Cliff,Port Angelastad,MT,69913,jimmy65@yahoo.com,415.210.3937x308
Raveni,Roberts,64994 Jean Station Apt. 316,Fisherstad,TN,89265,john32@hernandez.net,001-967-128-9354x357
Holly,Miller,539 etiuS elsI setaY 90919,West Melissa,WI,42512,kaiserbrandi@yahoo.com,+1-377-562-0734x38162
Jennifer,Lopez,93189 Brown Passage Apt. 387,Smithburgh,MS,47924,,041.388.6305x8975
Cynthia,James,803 Amanda Roads,Laurenmouth,UT,81672,schandler@mcdonald.com,
Timothy,Wood,89394 Valerie Plains,Courtneyton,AK,15746,nathan43@hotmail.com,001-115-557-1116x913
Mike,Barker,00807 Phillip Haven,Hayesville,MO,27764,,
Mary,Nichols,485 Regina Lakes,East Edward,NM,93399,davismaria@thompson-hernandez.com,132.504.3509
yerffeJ,Martin,8554 Johnson Lodge,Matthewburgh,PA,64674,,638.759.0322x467
Jen,Wheeler,86604 Oneal Landing,Haileyfort,GA,62338,boydkelly@johnson-paul.org,193-680-7016x7079
Michelle,Jones,700 etiuS sevorG acisseJ 5454,North Carmen,FL,45876,,001-844-984-9564
Benjamin,Howell,596 Heather Neck,Lake Christinaview,AK,91762,shodge@hotmail.com,(027)614-1708x66829
Sarah,Sanchez,07272 Reginald Drive,Bruceside,NV,15833,,
Carrie,Hampton,8055 Gardner Square Apt. 690,West Sandrachester,LA,28299,qwatson@simon-gonzalez.com,001-489-102-6924x55867
Joe,Schmidt,39853 Benjamin Ports,Lake Williamburgh,IL,06875,,531.184.2346
Mark,Gonzalez,2021 Mcgee Ridge Suite 916,Port Ashleytown,NY,51866,samantha44@hotmail.com,(091)963-6745x45004
Ashley,Daniels,722 Courtney Curve,West Isabelside,HI,94759,,687-411-3509x2409
Christina,Esparza,275 Susan Point Suite 665,East Mariaport,WY,89194,pharris@rocha-scott.com,001-756-240-5287
Michele,Whitney,746 Emily Course Suite 423,Thomaston,UT,93698,,+1-239-838-5796x923
Angela,Morris,6091 Karen Vista,Lake Sharonfurt,AK,67699,,043-998-0689
Nicole,Wilson,29046 Garrett Passage,Carpenterton,LA,44171,michael56@yahoo.com,+1-482-767-5736x5843
Melinda,Perez,98695 Jennifer Burgs Suite 025,New Williamside,RI,37406,wchavez@gmail.com,527.072.4009
Ericao,Brown,75231 Amanda Motorway,Lake Kimberlyburgh,IN,24987,,+1-889-870-8171
Daniel,sirroM,010 Ibarra Unions Suite 699,Chasetown,UT,93091,,606-177-9594x3781
Steven,Armstrong,00518 Brandon Keys Suite 625,Tranfort,RI,62252,haasjennifer@williams.com,
Sarah,Rodriguez,1612 Fox Way,Lake Michael,ND,82915,mwhite@holt.com,3321285401
Annette,Michael,862 James Land Apt. 812,Scottburgh,UT,02186,phillipsterri@hotmail.com,
Kerri,Jordan,9833 James Unions Suite 483,South Kyle,CA,28102,,3412647927
Jordan,Tran,7166 Watson Drive,Jenniferberg,NH,98512,pricejohn@hotmail.com,(371)142-7767
Connie,Mcdaniela,641 Katherine Wall Suite 791,West Anthonymouth,WA,78668,tyler42@bryant.com,+1-607-721-0388
Toni,Austin,571 Davidson Squares Apt. 030,Karenfort,AK,99355,cobbnathan@yahoo.com,418-421-1877
Zachary,Galvan,syawkraP yecarT 5749,East Deniseborough,UT,33423,,416-899-1105x744
Jason,Hester,256 Scott Pass Apt. 948,West Michaelchester,KS,00551,pamelashaw@yahoo.com,416-467-9833x3178
Raymond,Espinoza,1575 Connie Rest Apt. 122,Charlesville,OH,93211,andre01@yahoo.com,
Brian,Lopez,96789 Jodi Lane Apt. 357,Morganhaven,ND,63145,anthony25@andrews-ponce.net,001-408-023-3537x0340
Kevin,Stark,0586 Marcus Turnpike Apt. 841,South Johnberg,MT,41506,cheryldavis@gmail.com,(087)637-1435
Jacqueline,Marks,894 Hamilton Garden Apt. 239,Bryanton,MI,92067,jsherman@yahoo.com,864-025-6075x954
nayrB,Hopkins,6621 Morgan Canyon,Lake Shannonton,MI,92297,,
Michael,Carlson,52123 Benjamin Ridge,East Margaret,SD,57857,,0707134306
Joan,Garcia,472 Neal Path Suite 520,Rodriguezton,WA,90238,william11@smith.com,(523)293-9784x22223
haimereJ,Cline,2787 Harry Heights,West Aaron,DE,08350,,772-584-2974x98341
Sandra,Hicks,24940 Jessica Manors,Jessicaside,LA,13028,michael78@gmail.com,
Amber,Howard,10828 Bowers Terrace Suite 201,New Andrewberg,VA,83867,,+1-480-355-9130x71596
David,Davis,613 Jesus Pass,Brownview,AZ,18440,schmittdominique@gmail.com,090-168-1173x6603
Lisa,Davenport,09465 Thomas Gateway Suite 340,Andrewtown,DE,73730,rsmith@perkins-ali.com,+1-277-702-5655
Jonathan,Cameron,7668 Mitchell Crescent Suite 621,North Ashleyview,AK,26205,cindyclark@murphy.com,161.722.1235
Wendy,Rodriguez,751 .tpA sklaW norahS 3834,Phillipsfort,OH,60220,yvaughn@duran.com,7800906173
Rogera,narhcoC,663 Lisa Meadows Suite 608,South Brian,TX,33266,pittsjames@hotmail.com,
Jameso,Juarez,176 Sarah Gateway Apt. 939,Emilybury,MO,58623,michelle95@terry-flores.net,9231505260
Lisa,Russell,69789 Rodriguez Center Apt. 581,Robertstad,MA,72794,,0560743849
ylimE,Baldwin,712 Pace Port,Matthewberg,OR,88804,gwendolyn31@pena.com,
Steven,Wilson,960 Robert Stream,Michaelstad,DC,07192,anthony79@gmail.com,
Terryu,Alvarez,1621 Sharon Mountain Suite 078,Lake Michaelshire,AL,21123,rphillips@gmail.com,646-791-9555
Brittanyo,Taylor,449 Lucero Vista Apt. 463,Lake Natalie,WY,24842,hendersonamy@richard.com,(950)684-4598x07742
Christina,Young,70082 Quinn Cliff,Lake Annette,NH,83602,jasonmahoney@yahoo.com,5334895541
Edwin,Arnold,166 Caleb Trafficway Suite 581,Jonesfurt,NY,99514,lisajohnson@gmail.com,001-463-700-3351x17985
Lauren,Smith,71504 Thompson Crescent Apt. 931a,East Jenniferview,AK,44588,,
Justin,Greene,05433 Adrienne Street Apt. 113,Brandonhaven,NE,28762,,
Gregory,Martinez,89553 Nicole Fords,Danielshire,GA,34339,xcole@yahoo.com,504-441-8897x281
Derrick,Miller,461 Natasha Circle Suite 112,Curtisport,WY,08888,,+1-585-268-4728
Austin,Carlson,950 Darrell Ways Apt. 990,Edwardfurt,IA,36980,coxconnie@hotmail.com,
Cassandra,Bella,00068 Aguilar Dam,Garciahaven,TX,15313,lbarnes@gmail.com,550.856.9514
Henry,Molina,342 May Harbor,South Carolyn,RI,51405,xsmith@randall-beck.org,1543816330
Randy,Reyes,2655 Shaun Throughway,South Edwardburgh,ND,34808,scott97@gmail.com,
Henry,nielK,29687 Evans Rue,Greenbury,TX,30792,,(295)637-3225x672
einaleM,Williams,7892 Michelle Manors,Rogertown,DC,18485,mosleypeter@jimenez.com,(569)736-4795
Cindy,Reyes,24892 Myers Gardens Apt. 095,New Nicole,UT,10679,estewart@perez-wilson.com,+1-690-760-0432x571
Noah,Rodriguez,8675 Edwards Forest,New Steventown,ME,37019,,(259)675-1917x9984
Erin,Hubbard,304 James Hill,New Waynehaven,PA,60877,williamsgeorge@peters-hoffman.biz,090-278-6404
Kristen,Haley,306 Debra Falls Suite 017,Lake Stephanie,NM,55098,joel58@gmail.com,
Elizabeth,Rodriguez,533 .tpA tnuoM nemraC 64857,New Sean,WY,23576,,(002)283-1255x8626
Brandon,Smith,eiriarP ynattirB 774,Christopherton,NE,46528,,
Elizabeth,Sanders,387 Alexander Roads,South Rickybury,NM,91865,colemanshaun@ware.com,001-171-536-1286x4519
Amber,Stephenson,80251 Taylor Route,North Jeffrey,AR,02795,lori74@green-powell.com,099-564-9968
Allison,Salazar,54159 Jennifer Estate,Annetown,NE,01010,kgarcia@gmail.com,952-598-5219x72212
Christopher,Williamson,84713 Caleb Parks,Tylerfort,OH,89844,browningjessica@hotmail.com,(301)482-3514x1828
Ashley,Trevino,38874 Brewer Highway Apt. 566,East Robert,OK,30921,changcarla@mcclure.com,
Ruth,Ward,020 Thomas Mall Suite 743,North Bianca,WA,77924,lcarney@yahoo.com,
Randy,Price,3297 Matthew Island Apt. 685,Davisland,WA,47090,,865.579.3013x06295
Tony,Williams,836 Lee Lake Suite 132,East Richard,VT,44138,,218.442.5774
Hannah,Marshall,904 Schroeder Spur Suite 179,Greenview,PA,42423,nthompson@mejia.com,001-405-030-6163x159
Renee,Lewis,34259 Lee Land,Maryborough,AR,39442,,(789)530-5594x6854
Erika,Pierce,9718 Moore Knoll Apt. 626,Micheleside,IL,11157,fgray@gmail.com,+1-018-545-7516
Leslie,Williams,566 Nguyen Pike,West Alexis,PA,52024,maynardangel@hotmail.com,(965)871-2322
Gina,Miller,1090 Ryan Harbor,Thomasstad,ME,07366,,
Peggy,Harrell,4155 Katrina Pass Apt. 294,Mackberg,MO,89362,qsmith@colon-tucker.com,
Chris,Foster,839 Katrina Plains,East Dylantown,MN,58195,ilopez@byrd.com,618.998.9884x588
Theresa,Castillo,9382 Woodard Spurs,West Melissa,TN,22920,,6845781978
Jasmine,Moorei,6260 Stewart Crestu,Melissaview,MA,41058,cassandra10@gmail.com,
Nicholas,orerreuG,1538 Rich Place,West Tracy,CA,13741,smithjustin@hotmail.com,+1-508-210-7651
Jen,Moore,1285 Flowers Neck Apt. 951,Pattersonside,SD,65433,,(531)930-6883x686
Leah,Garciai,910 Beltran Burgs,Patriciachester,AK,79197,karen37@gmail.com,
Nicole,James,62052 Morgan Overpass,Angelastad,RI,09192,jedwards@hotmail.com,
ylrebmiK,Fletcher,24299 Anna Pine,Kington,IL,20120,,+1-015-983-3368
nwaD,Jenkins,453 Kim Spur,East William,NV,29959,jesus21@gmail.com,001-881-313-2024x3903
Lisa,Delacruz,59889 John Circles,Brendaside,CA,45484,ghall@berry.biz,(071)064-9387x834
Aaron,Armstrong,28733 John Gateway Suite 644,Leehaven,VA,36988,andersonandrea@gaines.org,+1-378-617-3746x77982
Alexander,Weaver,309 Alexa Throughway Apt. 361,Seanfort,TX,04737,calvinjackson@gomez-cortez.com,
Diane,zednanreH,867 .tpA thgiL elohciN 118,Marcuston,GA,06398,iward@hotmail.com,283.642.0129x349
Michael,Rose,2696 Moore Mount,Angelafort,CA,12100,turnerlisa@suarez.com,
Michael,Ford,6487 Angela Ramp,Cisnerosburgh,NY,23459,timothy14@gmail.com,
Erik,Vasquez,84104 Jennifer Prairie Apt. 471,West Kellieshire,CT,84992,zclements@washington-jones.biz,001-435-055-2341
Lisa,Hughesa,322 Kathryn Harbor,Port Robert,ND,85461,,001-984-711-9502x554
Randy,Sandoval,92007 White Lights,South Jessica,AL,49299,brooksscott@austin.com,
Becky,sdrawdE,2978 Simon Pass Suite 715,South Angelica,AL,11631,devin49@hotmail.com,
Dustin,May,89383 Jones Valleys,Lauramouth,CT,41763,karenpeck@baker.com,
yraM,Aguilar,226 Rocha Mews Apt. 956,Harrisshire,TX,60235,dana78@yahoo.com,114.616.1457
John,Lee,80921 Bryan Crossing Apt. 964,Michaelport,OR,75425,costacourtney@schneider-brown.com,
Brad,Lang,32838 Walter Hills,Ballardton,MO,59606,sarah63@hotmail.com,726.447.5354
Joshua,serroT,928 Bell Trail Apt. 989,South Karenshire,OR,24955,christine15@anderson.com,402.383.5910
Heidi,James,talF rekaB 9664,Dianaville,PA,17601,gnavarro@hotmail.com,
David,Walker,noynaC htenneK 95853,East Bonnietown,TN,70873,jsmith@yahoo.com,7625377056
Jennifer,Edwards,40511 Barrera Cove,Brucemouth,WA,77578,matthewreyes@yahoo.com,980.593.1221x88299
Jacob,Tucker,238 Zachary Manor Apt. 588,Amandabury,FL,25915,jeffersonjohn@gmail.com,
Joshua,Edwards,632 George Run Apt. 438,South Melindamouth,AR,56426,hguzman@thomas-martinez.net,
Karen,Montgomery,5253 Angela Keyu,New Ashley,OR,56632,andrewskeith@gmail.com,
Jimmy,Powell,993 Ryan Square Suite 058,East Clinton,MS,39291,jwilson@gmail.com,
Kaylau,White,16787 Andrews Greens Suite 636,New Michael,OR,32317,,
Jason,Peterson,067 Terry Cliffs,Robinsonbury,AK,42366,,
adnamA,Garcia,2430 Christopher Flat,Simpsonshire,IL,99333,,570-523-1695x08214
John,Cannon,178 Lauren Road,Lindaborough,ND,31314,,668.401.5371x11911
Carlos,Wolfe,2939 Samuel Mission Apt. 126,South Loretta,MN,96560,,
Shannon,Tucker,078 Victor Coves Apt. 903,South William,WV,08593,reyesaustin@gmail.com,
Pamela,Flores,6365 Sawyer Shore,North Biancashire,IN,39717,christinathomas@gmail.com,(319)930-7118x29488
Seth,Nolano,658 George Flat,South Stephanie,IN,00585,,590-121-7812x13443
Deborah,Dillon,1560 Jacob Knolls,West Javier,WA,40937,matthewweiss@porter-fletcher.com,997.539.7734x878
Carolyn,Montgomery,778 Gerald Underpass Apt. 930,East Julie,NM,57601,davidcooper@davidson-wilson.com,
Bill,Gray,654 Douglas Meadows,North Julieburgh,WY,43427,,082.730.0538x50075
Anthony,Mason,113 Tracy Rest,Richardtown,NV,09515,egarcia@erickson.com,
Jason,Phillipse,149 Fernandez Turnpikee,Williamsland,NM,96048,,
Ashley,kroY,5828 Charles Land,Wendyfurt,VT,39076,michael09@yahoo.com,
Mike,Nolan,40960 Hernandez Street,North Kristen,MA,01708,desiree58@hotmail.com,
Dave,Silva,195 Taylor Rest,Peterland,AZ,28485,,
Amanda,Small,14309 Johnson Flat Apt. 593,New John,UT,11835,,001-437-198-2045x59178
nageM,Garrett,42457 Amy Hollow,East Valerie,WI,04647,richardjohnson@kim-gardner.com,+1-081-323-1187x2091
Ann,Hubbard,47583 Weber Well Apt. 176,North Thomasland,MI,41906,,001-575-229-8997x16374
Joe,notroM,8456 Allen Gateway Suite 490,Damonbury,AL,66196,,938-166-0696
Elizabeth,Boone,68604 Hailey Canyon Suite 398,Thomasfort,OR,96175,james23@yahoo.com,
Anthony,Glenn,3218 David Plains Suite 285,Robinbury,AR,56660,carlosscott@reid.net,761.416.9759
Holly,Zimmerman,62719 Philip Street,Lake Douglasville,AZ,20021,orodriguez@salinas.com,067-192-5496x0370
Michelle,Dillon,191 Kelly Avenue Apt. 529,New Alyssachester,OK,64511,,679-329-7218x16461
Heather,Rose,6262 Michael Mill,Gibbsmouth,GA,94494,,+1-273-625-0921x6930
Katrina,Petersen,680 Anderson Square Suite 856,Darrylchester,TN,12475,villegasjessica@wells-martinez.com,
Kari,Cross,55096 Russell Viaduct Apt. 213,Davisberg,CT,42830,tonyashaw@roberts.net,942.699.4028
Dan,Jones,20191 Henry Corner Apt. 559,Lloydfort,IA,52290,danielroy@turner.com,+1-400-099-7871
Becky,Flores,5474 Marilyn Plain,Michaelshire,RI,75819,woodwardjohn@young.com,
Amber,hcleW,2330 Roy Ports Suite 200,Christinemouth,NE,47141,uacevedo@hotmail.com,
Troy,Tapia,9565 Tina Hollow,East Thomas,TN,72275,fernandezjessica@gmail.com,
Benjamin,Mitchella,94409 Tucker Shoal,Ortizton,WI,39686,gsharp@yahoo.com,338.093.1409x888
Ann,Stanley,346 Adams Summit Suite 978e,Jasonberg,PA,41075,ellismatthew@stewart.com,006-132-7461
Christopher,Strong,001 Daniel Court,Jontown,AL,17561,,(205)517-6279x564
Laura,Stephens,7126 Morris Gardens,Markton,DE,19193,jamesbell@henry.biz,
wehttaM,Johnson,443 Stone Neck,East Joseph,MT,12413,amandarichardson@woodward-frye.info,+1-416-340-4996x412
Marc,Chang,078 Jennings Views,Jasonside,MD,63751,susanpeterson@gmail.com,
Matthew,Farmer,555 .tpA yawciffarT kereD 62272,North Paul,FL,15041,jennifer24@gmail.com,
Susan,Knight,7967 Benjamin Street,Graystad,IA,84848,bryantyler@wagner.com,
Cynthia,Santiago,7836 Angela Lights,New Meganview,PA,83603,,001-608-737-3268x39171
Alicia,Guzman,7492 Matthew Vista Suite 667,Smithberg,LA,20427,juliewashington@butler.biz,4150256121
Amber,Fox,711 King Prairie,Hayleyport,NM,47817,gmoore@gonzalez-dorsey.com,+1-588-897-9312x616
Lisa,aniloM,705 Weaver Court,Debrahaven,VT,10236,laurasullivan@webb.com,473.069.5280x5837
Shelia,Lopez,52000 Edward Well,North Karamouth,SD,25294,elainefrench@thompson.com,(108)564-0370x53001
Ashley,Sellers,7020 Williams Mountains Suite 127,North David,VT,22344,robertmatthews@yahoo.com,+1-736-178-1912x93222
Laura,Franklin,489 Parks Road Suite 048,Grayberg,MO,83864,,803.353.9651x75692
Charlotte,Hahn,568 etiuS ediviD hcoK 9211,West Crystalmouth,DE,33845,,+1-551-534-6950x067
Rachel,Mack,62839 Justin Fields Apt. 455,Strongburgh,NE,15121,aparker@hotmail.com,001-473-188-8451x24241
John,Phillipso,803 Jennifer Avenue Suite 611,New Linda,ND,83149,elizabeth35@gordon-brown.com,(833)838-3835x412
Bob,White,36160 Lozano Plaza,Tommyborough,DE,85397,gneal@gmail.com,
Cory,Ortiz,0991 Gregory Road,North Stephenland,AZ,62572,ijames@greene-gonzalez.com,
Jessica,Marquez,05069 Jerry Roads,Mirandaland,WI,22595,gregorymartin@hotmail.com,001-074-304-9414
Noah,Steele,233 Jones Well,New Michelle,MD,07711,pbarnett@yahoo.com,
Brandon,Barajas,2063 Carter Roads,Williamshire,CT,70813,erikabrady@good-oliver.info,
salohciN,Phillips,682 Scott Crescent,Maryside,WV,16256,christopherward@white-mcguire.net,
Lisa,Rivera,8763 Katelyn Roads,Ashleyview,ME,20166,,+1-950-491-6673x343
madA,Powers,87475 Aaron Station Apt. 747,North Josephchester,OK,61792,owensmatthew@dixon.biz,
Donna,Mccoy,2822 Meghan Springs Apt. 630,Smithview,NC,35171,williamswilliam@yahoo.com,(026)107-1878x438
Luke,Kelley,95361 Carter Keys,West Mariaville,GA,24017,upage@williams.com,001-809-912-3932x62481
Gregory,Davenporta,540 Sherman Unions,Cathyfort,DE,22226,casemiranda@gmail.com,
Jesus,sdrawdE,973 Beth Ville Apt. 367,Lake Shawn,TN,28355,rrobinson@gmail.com,522-465-2722x92596
Joe,Melendez,sdaoR nameloC 20119,Lake Christy,MO,05963,,543-001-2587x504
Anthonyo,nosnhoJ,60919 Ramsey Terrace Suite 615,West Kylemouth,MD,27067,cbush@gmail.com,
Roy,Clark,715 Christopher Wells,North Tina,TX,72133,,001-411-610-0431x7334
Jamie,Miller,9009 Darius Shores,Robertville,WI,81511,angelalee@holland.com,191-148-2186x52544
Travis,ydooM,62725 Wells Pike,South Sarah,LA,79386,rodriguezmaria@hotmail.com,
Gregory,Underwood,7796 Adams Valley,Billmouth,ID,93498,smithmelissa@hotmail.com,001-965-014-7530x6054
Tyler,Mcguire,403 Tara Ports,North Dorothyport,WY,44283,patrickmurphy@hotmail.com,
Scott,Wilkerson,534 Curry Mission Apt. 120,West Traceyview,MO,72986,,+1-065-129-4450
Rachel,Salinas,333 Jeffrey Burgs,Johnnyhaven,AL,43072,ruizstephanie@riley.biz,+1-745-569-3728x292
lehcaR,Prince,08801 Oliver Lake Apt. 383,West Justintown,MD,74964,monica28@hotmail.com,729-663-7425x7813
Krystal,Benton,5240 Morgan Courts,Hopkinsville,NY,21157,jeffrey85@gmail.com,
Joy,Lawson,9647 Eric Mount Apt. 442,East Douglasville,VT,15587,jenniferfoster@gmail.com,
Johnny,Garcia,723 Simmons Street,Hoodbury,MT,36379,josephross@stephenson.biz,095-293-4000x1132
ylleK,Kelley,631 Julie Path Apt. 477,Cordovachester,NM,90784,schneiderdavid@yahoo.com,
Bill,Jackson,89588 Spencer Trafficway Suite 967,Gabriellefurt,VT,39882,markwhite@olsen.org,(359)562-2175
Lauren,Smith,47458 Scott Crest Suite 039,Baileychester,GA,30224,,
Andrea,Phillips,185 Zachary Falls,East Anthonybury,DC,73728,,(196)405-5037
Leslie,Lyons,6605 Lee Trafficway Suite 591,Richardshire,RI,80542,brownkenneth@vaughan-taylor.net,
Lonnie,Russell,1102 Allen Trail Suite 035,North Mark,ND,89248,robert58@hotmail.com,
Eric,Romero,612 Castro Highway Suite 460u,North Adam,WY,38503,sbailey@yahoo.com,(782)479-5617x315
David,Mercado,laidaR nosreteP 9367,Mariachester,VA,28644,kquinn@hotmail.com,391-250-3352x74439
Lisa,Simpson,0234 Hamilton Island Apt. 781,Tammychester,CA,56696,tiffanysmith@smith-ibarra.com,
Laurae,Smith,0159 Lindsay Loop Apt. 120,Charlesburgh,NY,26055,hernandezelizabeth@mcclure-parrish.com,+1-069-947-9482
Tamara,Young,009 Snyder Causeway Apt. 452,Lake Robinchester,PA,63505,gatesjacob@yahoo.com,7960268987
Tara,Holland,89483 Zachary Squares Suite 784,Mitchellmouth,NE,98264,wwalton@hotmail.com,363-886-2771
Wendy,Gallagher,01140 Sutton Camp Suite 369,Port Joshua,AZ,40108,melissa26@hotmail.com,001-549-539-8318x764
Robert,Sanders,555 Dorsey Drive Suite 006,Douglastown,FL,59027,,299.332.3423x752
Tonya,LiuLiu,144 Clark Isle Apt. 658,West Alexander,NH,85131,chad21@hotmail.com,
Martin,Hutchinson,326 Nicholas Squares,Lake Nicoleside,SD,55111,randolphcynthia@manning-johnson.org,1836380791
Cynthia,Young,1029 Simmons Glen Suite 281,South Jessica,WI,37430,ramosdavid@fields.org,132-045-9663x676
Brittanyu,Thompson,411 etiuS truoC ogaitnaS 231,Hubbardton,UT,92876,brianna18@gmail.com,
Timothy,Clark,22460 Jacob Mountains Apt. 220,East Andrea,TN,60744,donna97@yahoo.com,(948)753-6718x5709
Anthony,zedneM,567 Lyons Ridges,West Darren,TX,40131,,165.983.0315x9479
Patrick,Weiss,76277 John Vista Suite 500,Morrisonstad,DE,73613,shelbyhorn@wise.net,661-835-4569x636
Lisa,Larson,3370 Lisa Key,Christopherburgh,ME,57611,dawn52@anderson.com,001-216-316-9552x265
Christopher,Lopez,1108 Cox Estates,West Sarahville,KS,31511,christinemoran@williams-potter.com,651.507.0537x89721
Julie,Sanchez,701 Martinez Avenue,Larsenmouth,OR,91773,rileyjacob@yahoo.com,
Matthew,Smith,039 Briggs Course Apt. 360,Moraville,ME,12366,charles88@hotmail.com,219-290-6883x28711
Chris,Schmidt,357 Scott Missiono,Jamesmouth,IA,98806,josephbrown@gmail.com,
Alexandra,Jackson,124 Morris Ford Suite 817,Dixonfurt,MO,51972,cpayne@gmail.com,(208)253-2672x67124
Morgan,Stokes,81923 Vazquez Shores Suite 600,Port Brandon,NC,29407,qsmith@hotmail.com,
nwahS,Blackwell,10660 Rita Vista,West Tracieland,NE,46407,jeffersonnathan@hotmail.com,956-261-2163
Julian,Thomas,330 Cody Cliffs Suite 707,Brooksburgh,MI,80473,hallryan@maxwell.com,(716)565-6894x263
Jennifer,Ponce,1057 Stanley Meadows Suite 701,South Debraberg,HI,84595,barnettbrittany@gmail.com,
Martin,Solis,629 Sandoval Estates Suite 672,Kramerborough,IN,63758,debramejia@hotmail.com,
Teresa,Morgano,4638 Danielle Harbors,Lowetown,NC,24795,davismaria@yahoo.com,(625)991-5334x17956
Brenda,ollitsaC,756 Cardenas Estates Apt. 910,Kochborough,MI,97820,knightgabriel@gmail.com,(372)968-4247
Jim,Boyd,6588 Garcia Estates Apt. 880,West Amymouth,LA,36869,bradley26@jones.info,362-349-8826x3246
Joshua,Phillips,795 Mary Field Apt. 500,New Melinda,PA,13570,amy03@yahoo.com,(911)286-1279x8120
Erica,Roach,61939 Crosby Summit Apt. 143,Lake Sabrinaland,MA,30653,,(546)047-6237
Bradley,Miller,75090 Fernandez Mill Apt. 748,Port Kristopher,TX,94314,javier91@gmail.com,(420)967-5472x9148
Andrea,Higgins,64844 Romero Overpass Apt. 992,East Gregoryfurt,TX,85872,xmartinez@hotmail.com,414-796-3441
Alan,Silva,97004 Monica Manor Apt. 654,Andrewsburgh,WV,98301,kbrandt@carpenter-hughes.com,437.708.6202x0545
Charles,Henry,68976 Brent Mountain Suite 423,Arnoldfurt,WI,50700,,001-667-825-1984x9389
Tiffany,Deani,832 Jones Pass Suite 698,West Jamesview,DC,02338,denise14@gmail.com,+1-482-691-3407x3457
Ashley,Walker,0570 Whitney Ridge,Rodneyfurt,AZ,50770,,
Tiffany,Carter,517 Aaron Village Apt. 417,South Hunter,OH,79995,rclark@lopez-thompson.info,
Theresa,Paul,27676 Davila Path Apt. 190,New Williechester,SD,26360,drew41@gmail.com,
Davidi,Young,15509 Cynthia Crest Suite 583,Port Wendy,WA,91914,,
Nicholas,Miller,063 Robbins Summit Suite 354,Katherinechester,VT,85223,oramsey@hotmail.com,(096)090-7856x6755
Alexandra,Beltran,056 Austin Skyway,North Carlos,KY,82305,,+1-294-464-2253x008
Matthew,Mcdonald,279 etiuS laidaR nesnaH 24716,West Carolyn,KY,67642,,064.731.3435x5365
Joe,Sanchez,510 Dixon Trail Apt. 753,Port Billland,UT,94039,,(127)285-6425x7370
Mark,Navarro,792 Patterson Spring,Kathleenhaven,FL,08815,jesus71@yahoo.com,201-710-3196
Janice,Nelson,8111 Kimberly Curve Suite 061,North Stevenburgh,WV,16840,ringram@yahoo.com,047.534.7942x23229
Jose,Newman,905 Jared Villages,South Deannastad,IA,26450,,+1-543-272-8899
Julie,Kent,455 Melissa Mountain,Coleberg,NY,85291,iingram@hotmail.com,
Jen,Macias,662 Huerta Harbor,Scottburgh,KY,29163,kimberlyanderson@yahoo.com,352-248-5734
Jason,Rose,2554 Patricia Shoal Suite 533o,South Blake,SD,37941,jose06@jones.biz,001-224-569-6453x482
Denise,Oneill,50329 Banks Fields Apt. 147,Marcusside,NE,26636,jason12@sullivan.info,(805)230-4593
Wanda,Thompson,20046 Sheppard Extension,Carolside,KY,00622,nunezrobert@yahoo.com,
Kyle,Chapman,4399 Patton Lodge Suite 705,Port Patrickstad,CT,42042,,+1-228-415-1644x822
Duane,namrehS,219 Smith Groves Apt. 077,Ricardoland,NH,56626,astewart@cook-todd.biz,4244376841
Maria,Wilson,87996 Davis Port,New Ericfort,IN,14207,emily00@liu.com,(546)445-1342x82815
Jeremy,Gross,81371 Teresa Mills Suite 173,Lake Michelle,OR,98600,tracigregory@jones.com,001-386-807-2668
Alexo,Jones,514 Lam Groves,Port James,LA,88836,toddweber@brown.org,(840)551-4824
Edgar,Hansen,27770 Cannon Plains Apt. 852,Nixonbury,MD,07524,shelia08@hill.org,+1-788-524-4563x786
Kenneth,Short,7310 Thompson Well,Timothyville,ID,07256,branchmichael@yahoo.com,
Renee,Herman,1606 Daniel Vista Suite 106,Hallland,GA,88724,,001-351-006-1581
Brian,nosnhoJ,41001 Hull Union,South Jon,PA,76122,,
Gregory,Finley,6867 Beard Spurs Suite 811,Alexanderburgh,WV,42103,gracewilson@williams.com,+1-062-648-4521x855
Johnny,Austin,171 Williams Way Apt. 854,New Joseph,ID,93977,wwright@moore.com,(716)027-1793x00782
Tom,Davis,4149 Casey Ridge Apt. 451,Port Aliciabury,NY,55849,,384.452.6552x68980
Riley,Brown,3329 Jessica Point Apt. 038,Port Maryfurt,IN,72818,,+1-884-144-8230
Bob,Wolfe,23977 Brooks Roads Suite 487,North Brett,DE,10763,amanda33@campbell.net,
Kevin,Roberts,4797 Kimberly Mountain,Robertborough,DE,79870,,310-559-8224x971
Jeffrey,Mathis,4152 Jordan Flats,North Emilyton,DE,12350,,+1-224-507-6545x3666
Christy,Davis,97327 Sanford Park Suite 562,Charlesborough,RI,82324,josephjuarez@hotmail.com,(866)877-6419x402
Dan,Pierce,13704 Caroline Rapids,South Benjamin,VT,36497,meredithjones@hotmail.com,(389)727-9977
Todd,Baldwin,6969 Andrews Mountain Suite 008,Joshuaport,UT,39374,williamanderson@gmail.com,073.593.6650x62554
yrreJ,Fletcher,829 Peterson River,Port Greg,CO,74505,floressamantha@greene.com,
Nancy,Woods,51493 Dickerson Station,Baileyborough,KS,55486,,
Tom,zepoL,632 Mckenzie Neck Suite 537,Stanleyfurt,WA,67516,davisjennifer@murphy.com,053-251-7773x1326
Christopher,Medina,572 Joshua Route,Markshire,ME,70368,travis09@hotmail.com,
Kimberly,Miller,576 James Walks Suite 031,North Matthewton,DC,98403,,
Mike,ortsaC,526 Mike Radial,Chambersstad,PA,49082,robertorr@yahoo.com,(573)475-0584
Zacharye,ssoR,41685 Hernandez Plaini,Frederickton,WV,14518,,286-276-0763
Jon,Nelson,770 Duran Forges,New Tina,MI,92409,aharding@sherman.biz,(101)623-2779x654
Daniel,Walker,4844 Ramsey Vista,West Debraside,MD,07617,kayla00@allen.com,001-797-594-4349x63471
Bob,Rodriguez,1527 Erika Pass,Blackmouth,LA,78449,,+1-200-860-9295x057
Dawn,Murray,8532 Harris Ford Suite 207,South Mark,NC,50719,qschneider@holmes.net,+1-925-775-1787
Laura,Contreras,8708 Holly Ford Apt. 940,Harrisonmouth,OR,33785,ggonzalez@davis-webb.com,155-721-7493
Christopher,Jackson,256 Campbell Wells Apt. 534,North Isaacside,SD,47868,carsonlogan@ray.org,(060)381-1138x6969
Melanie,Petersen,5390 Larson Stream,East Randy,MT,73879,gina11@gmail.com,897-097-3666
Mary,Joseph,63637 Bell Common Apt. 412,Booneberg,IN,47337,knewton@haynes-gibson.net,142.099.2313x0626
Jason,Chavez,reviR nevetS 6545,Lisaberg,MO,91954,nharris@randolph-cuevas.org,
Denise,Mcguire,54831 Adams Parkway Suite 776,Kristenton,CO,74680,davisclaudia@palmer.info,(484)186-6074
Kristen,sdleihS,250 Stone Port Suite 281,Farleytown,CO,76944,whiteheidi@james.com,(277)045-3098x57748
Joshua,White,49416 Lopez Path,East Jamesview,OR,49349,monique92@gmail.com,
Michaeli,Reid,71536 Gonzales Junctions,Lake David,WI,47716,beardmonica@gmail.com,
Calvin,Garcia,7605 Parsons Trace,Port Heather,TX,66184,mcdonaldryan@hotmail.com,+1-041-003-2662x8555
Tami,Mullen,666 Hunt Path,New Heidi,HI,46806,,838-326-7945
Robert,Floyd,440 Joseph Land,East Timothy,NM,60888,danielleblack@gmail.com,
nevetS,Clark,6364 Ashlee Falls Apt. 918o,Scottton,ID,26584,,(448)784-9851
Jonathan,Burgess,88901 Maria Mountain,Lake Charlesbury,AL,84307,brenda13@elliott.org,+1-672-916-1615x8137
Robert,Estes,33441 Williams Prairie,Woodsport,TX,85791,lbass@gmail.com,
Anna,Richards,963 Harvey Falls,Acostachester,OH,91994,andrew05@holland.com,001-866-720-1361x43235
Dan,Baxter,843 etiuS troF gnuoY 969,East Caroline,MA,04747,pmckenzie@hotmail.com,609.669.4000x368
Robert,Mitchell,3449 Maria Drives Suite 274,South Joseborough,MD,74436,adriennegonzalez@hotmail.com,+1-899-490-0288x103
Mark,Werner,42844 Cathy Spring,East Cody,GA,30363,kayla28@rodriguez.org,
Russell,Alvarez,9339 Ryan Green,North Tylerville,UT,69627,ianmaldonado@davis.com,001-669-502-4677x58421
Charles,yelnoC,timmuS nonnaC 0945,South Scott,MS,06868,,
Kimberly,Byrd,3565 Monica Avenue,East Josephmouth,MS,80494,holdenkatherine@andrade-potter.com,2983894826
yerduA,Hall,2099 Todd Locks Suite 040,Lindaton,VA,69314,fostermatthew@gmail.com,
Anthony,Bradshaw,510 Woodard Haven Apt. 392,West Dawntown,CO,23207,,(595)105-7202
Erik,Cunninghami,773 Ryan Pine,Deborahhaven,RI,17760,oknight@hotmail.com,446.416.9416
Samantha,gnahC,9859 Campos Manor Suite 738e,Jamesberg,NH,73680,,(306)617-4094
Rebekah,Norman,7051 Park Wall Apt. 743,South Vincenttown,SC,87800,blankenshipsuzanne@yahoo.com,255.908.8965x72839
Melissa,White,236 Waters Junctions Apt. 883,Anthonyborough,AL,68661,hernandezkathy@clayton.com,707-222-1761x4975
Kurt,Martin,914 Owens Isle,West Jenniferfurt,FL,73460,scottromero@gomez.net,216.327.5874x934
Gabriel,Elliott,87182 Espinoza Mount Suite 172,Andrewsside,TX,29439,,426.244.8988x2865
Scott,Sloan,0639 Michael Harbors,South Thomaston,IA,44957,,+1-646-848-6173x12701
Saraha,Evans,9219 Harmon Forks,Haynesfort,NC,73378,mknight@yahoo.com,
Melanie,Marshall,194 Caitlyn Rue Apt. 431,Kingfurt,IN,39002,smithvictoria@freeman.com,061.973.1649x2873
Andrew,Ramirez,521 Justin Trail Apt. 875,Turnerfort,AR,59962,pfoster@vaughn.com,388.846.4165
Steven,Hawkins,1370 Moore Extension,Watsonshire,DE,18922,huberkevin@yahoo.com,850.848.3338
Joseph,tnarG,175 Watson Crossing,West Charlene,NJ,34316,,(288)482-5680x427
Scott,Parker,112 Banks Squares,Karlaport,SD,75293,scottrobert@hotmail.com,001-586-850-9766x42864
Bob,Mcdonald,1735 Shaw Cliff Apt. 672,Stephensfurt,MO,27781,lisasilva@yahoo.com,
Bobby,Perez,1285 Flores Mountaina,Watsonport,NJ,53468,qstevens@pierce.com,001-734-109-0258
Jim,Martinez,bulC arabraB 615,Port Susantown,SC,04041,ellisalec@black-reid.com,+1-520-840-8650x653
Diane,Evans,56694 Obrien Streets,Lake Jason,NH,78231,rogersjessica@gross.org,4829321458
Cheryl,Bradleyu,2702 Jones Pines,Port Noah,UT,40930,kimgonzales@yahoo.com,032-713-4449x327
Kelly,Stevens,154 Billy Court Apt. 377,Port Alexander,MA,77693,,
Jesus,notgnihsaW,3759 Holder Center,Port Melissa,FL,11871,hwilliams@yahoo.com,909.406.7914x33876
Alyssa,smailliW,17206 Burch Unions Suite 891,Danielsport,NM,47020,davilawilliam@yahoo.com,001-120-243-5660
aruaL,Rodriguez,0212 Brandy Coves Apt. 087,Hensonbury,WI,43144,whitepamela@ross.net,(662)630-6026
Jeremiah,Rosario,693 Teresa Expressway,Georgeside,NE,16761,ashleemitchell@yahoo.com,+1-845-564-3137x4489
Lauren,Collins,100 Holland Lock Suite 658,New Gerald,NY,75518,april05@garcia.com,455.229.2959
Erin,Warren,5218 Williams Squares,Conleyport,KS,74028,,
Lauren,Larson,913 Young Gardens Apt. 266,Kristiborough,AZ,68178,stewartbrian@gmail.com,
ybboB,Murphy,1355 Schwartz Keys,North Melinda,AL,07322,,001-706-933-3677x2826
Carlos,Hutchinson,93574 Torres Flats Suite 449,East Shannon,OR,58410,victoriadominguez@hale.org,517-788-1935
Benjamini,Wilson,segalliV annairB 4804,Valerieton,NY,99798,sboyd@hotmail.com,434.138.4482x9187
Dustin,Silva,0102 Anthony Court Apt. 956a,New Michael,MD,66265,brendahoffman@wagner.com,001-221-584-8470
Jessica,Thomas,64472 Carlson Haven,Port Michaelhaven,TN,43817,,
Hector,spillihP,73636 Bennett Avenue Suite 790,East Briana,SD,06650,,+1-311-113-4031
Michael,Fitzgerald,654 Thomas Circles,Annettebury,ID,92682,wrightkelly@gmail.com,001-361-881-3296x699
sitruC,Kelley,7577 Heather Rue,Maryside,NJ,70979,,(540)259-8686
Anthony,Evans,57645 Ana Curve Suite 647,Carrtown,OR,52790,,(045)542-2684x57402
Nicole,Madden,46391 Pitts Inlet,Calebbury,RI,48933,aliwanda@yahoo.com,443.358.3146
Franklin,Mcdonald,9680 Ryan Circle Apt. 466,West Jamesmouth,NM,88822,weberdenise@sharp.com,001-717-150-6978
Melissa,Juarez,6577 Curtis Loaf,North Kelly,LA,41039,lopezmichael@gmail.com,164.655.3116x98768
Craig,Bishop,629 Molina Junctions Suite 000,East Christopher,NY,97082,connor66@hull.info,6320197901
Tiffany,Cross,54948 Mary Creek Suite 871,Brettmouth,MS,08531,johnsondavid@yahoo.com,970-174-4680
Brandi,Sandoval,09315 Clark Court,Stevensburgh,ID,93540,,
Jared,Fitzgerald,1973 Kelly Ways Suite 520,Lake Monicaville,RI,65655,,(386)740-0997x4458
Brian,Foster,5873 Diana Center,Debbieport,NE,96908,robinsondavid@sanchez-klein.info,+1-240-407-3366x612
Cheryl,Montgomery,03804 Tammie Bridge Suite 426,Port Tommy,GA,20513,,(440)711-6742x066
Larry,Frazier,2039 Stephanie Dale,Port Wesleymouth,MD,91021,amartinez@yahoo.com,(709)347-9205x9273
Tracy,Campbell,256 Reyes Trafficway,West Angelafort,RI,36169,abigail57@hotmail.com,001-078-857-3648x143
William,Medina,605 Samantha Field Suite 981,Port Linda,AK,03807,sandraatkinson@gmail.com,
Tina,Harris,95745 Lauren Oval Apt. 547,Reidtown,VT,57463,bperez@smith-clark.com,+1-899-357-6550
Robin,Blaira,0769 Justin Stream Apt. 204,North Samanthastad,OH,54060,melendezlisa@soto.com,
Molly,Dawsoni,931 James Spring,Port Briannahaven,IN,40749,gonzalesperry@yahoo.com,
Leah,Williams,4683 Wilson Hills,Ramirezton,WV,50739,zgibson@yahoo.com,
haraS,Sellersu,95397 Zhang Lodge Suite 879,East Jorgeton,TX,51747,,
airotciV,Young,308 Anthony Green,Dunnland,WV,72220,millerdanielle@chandler-castaneda.com,
Deborah,Shepard,80677 Joseph Crossroad Apt. 745,North Zachary,HI,86587,thomaslee@gmail.com,(647)967-5758x1893
Melissa,Mcgrath,9140 Linda Locks,South Kimberlyside,DC,17341,barrettmartin@gmail.com,546.331.0443x0376
Michael,Johnson,23614 Turner Street Suite 428,Port William,KS,24943,rbrown@gmail.com,139-515-9705
Brian,Leonard,905 Jorge Fort Apt. 328,Ryanberg,LA,09880,gregory74@gmail.com,001-553-444-2143x64747
Austin,Cooper,5860 Danny Glen Suite 722,Mitchelltown,NE,59080,ucruz@yahoo.com,2673704152
Barry,Jackson,077 Erickson Village,Williamsport,NY,03164,,8044597016
Terri,Kaufman,669 Andre Crossroad,East Kathy,ME,89746,trujillocassandra@robinson.net,
Howard,Nelson,23722 Huff Estate Apt. 364e,Lindaberg,OK,75106,jacob61@yahoo.com,001-629-847-2176x88070
Alisha,Peters,452 Thomas Bridge,Angelaton,MA,37847,smithcarl@hotmail.com,723.300.5157
Katrina,Ramirez,181 Cheryl Summit,Lake Williamberg,WA,59987,vanessa28@yahoo.com,001-354-346-1304x54625
Jacqueline,Snyder,27419 Timothy Extension Suite 883,New Chad,NE,25891,gking@gmail.com,730.617.8491x824
Alexandra,Vaughn,158 etiuS seniP nosaJ 78882,Stephenfurt,MN,11427,,+1-778-123-4690
Peter,Mcdaniel,39083 Nathan Mountains Suite 936,New Elizabeth,MA,85087,davidarias@yahoo.com,
Jonathan,Smith,15798 Robin Manor,Dianaton,MT,77148,barbarasheppard@gmail.com,001-488-617-0820x19451
Ashley,Martino,417 Graham Glens,Jennifermouth,IN,24461,lharris@mccullough.com,+1-442-803-8032
Johnny,Thomas,5338 White Flat Suite 864,West Kyle,PA,41201,shirley23@hotmail.com,(500)633-6532
Ann,Jackson,26614 Tina Motorway,Singletonview,NC,01451,,6592098021
leunaM,Butler,457 Allen Cove Suite 229,Port Brandon,NM,36705,,648-290-0266
kcirtaP,Franco,54523 Cameron Junctions,Travisfurt,KS,43058,,
Richarde,Obrien,7767 Donna Club,North Alexchester,TN,33360,yward@hotmail.com,(426)419-2605
Larry,Fernandez,13683 Caleb Camp Suite 455,South Granthaven,NC,82271,kimberlypalmer@goodman-cameron.info,6809524890
Joshua,Todd,457 Karen Parks Suite 892,Parrishville,VA,26759,,001-309-095-7128x8142
Kimberly,Gilbert,00261 Brian Radial,North Jamieborough,NC,59836,popesuzanne@hotmail.com,113.562.8823
Nicole,Jimenez,5379 Rivera Trail Apt. 568,Port Justin,OR,34378,snowjoseph@cox-hernandez.net,362-932-2661x875
Shannon,Harris,18358 Ricky Ramp Suite 638,Reynoldsland,WA,88314,rachel31@hotmail.com,
Rick,Wise,902 Freeman Dale,East Anthonymouth,KY,78339,zachary96@page-johnson.com,
Randy,Miller,86725 April Roads,Sierrafurt,AZ,78286,onealmicheal@parks.com,001-696-142-8269x01052
Karen,Matthews,56527 Leblanc Island Suite 866,Cynthiaborough,PA,75579,johnsondeborah@gilbert.com,001-630-607-2925
Kenneth,Carr,81192 Smith Villages,New Michealchester,MA,29994,haneygabriella@stout.biz,+1-316-367-9282x8469
Julia,Barajas,0557 Jimmy Roads,Grayside,VA,85916,patricia92@yahoo.com,001-973-819-6288x22954
Tyler,Rodriguez,084 George Field Suite 957,North Kathryn,TX,45387,morganmoss@strickland.com,978-055-3539
Jose,Reynolds,931 Bautista Stream,East Michelleland,AK,30939,lauren73@pope.info,936-512-1274
Tiffany,Carter,27281 Casey Forges Suite 849,Jaredmouth,WY,66194,gary72@yahoo.com,293-595-4222x05364
Michelle,Wall,2770 Price Ridges,New Alexandermouth,NE,72559,,
Brian,Taylor,70992 Harper Row,Christopherton,CO,36582,,001-142-921-0825x8188
Elizabeth,Cruz,4846 Katherine Manor Suite 804,East Kaitlinfurt,CO,70506,,
Loretta,Smith,681 Tara Meadow Apt. 688,Stokesmouth,NY,52743,thomas14@smith.com,+1-879-666-9439x6328
Lisaa,Baker,256 Gregory Islands,Port Paige,MI,02844,,
Anthony,Allen,03934 Randall Wells Apt. 488,West Timothy,NM,64801,adam97@robinson.com,001-555-428-2731x339
Wanda,Wells,3840 Baxter Land,East Albert,HI,59092,bennetttimothy@lewis.com,773-874-3539
Carla,Bryant,3493 Amanda Creek,East Nathanside,MI,62389,,
Williama,Jackson,46297 Hoffman Mission Apt. 822,West Ericshire,MN,89895,montgomerysonya@yahoo.com,
Evan,neerG,8154 Thomas Passage Suite 234u,Johnsonfurt,ID,95441,,(492)204-3944x537
William,Ortiz,318 Vickie Street,North Angelicabury,NJ,52898,,932-222-1531
mailliW,Avila,383 etiuS rupS knarF 339,New Christopherborough,NE,90220,,001-064-391-8408x84805
nosaJ,Weiss,208 Irwin Rest,West Sherry,NC,97509,,
Edward,Green,7200 Cynthia Cape,Brownhaven,OH,56422,,+1-979-822-5378x120
Lisa,Miller,60201 Pamela Mission Apt. 528,South Davidchester,OH,79630,garciachristopher@ramirez-moyer.com,5888966680
Sue,Taylor,87831 Singh Falls Apt. 321,Youngfort,WA,70434,,001-787-241-7497x985
Amanda,Freeman,365 Medina Lodge,New David,KS,77583,xperez@taylor.com,
Eric,Ortega,25389 Jennifer Harbors Apt. 975,Kimberlyville,WI,14577,,+1-513-808-5253x5310
Johno,Rivera,9052 Brandon Coves,Albertchester,IN,84773,martineznathan@levine.com,655-456-3093x0149
Maria,Sullivan,8100 Martinez Junctions,Whiteport,SC,73530,,001-273-250-9667x69207
Sandra,Rhodes,433 Henry Inlet,Johnathanview,HI,60106,gonzalezcaroline@sanders.com,001-944-037-4821x3429
Cody,Sherman,06773 Megan Island Suite 823,Garciaview,AL,64889,lisabyrd@johnson-robinson.com,
Dan,Duke,008 Jill Divide Apt. 784,Travisbury,ID,27814,rebeccaschneider@moore-martin.com,
dlanigeR,Boone,902 Charles Greens Apt. 281,Georgestad,RI,23939,antoniosmith@lee.com,923-607-1222x202
Angela,Lewis,000 Mary Circles,Port Alexland,NM,78119,lori34@brown.com,618.160.2092
Brian,Frost,3234 Young Walks Apt. 648,Port Kevin,AZ,98541,,(023)953-8906x62911
ecinaJ,Olson,4016 David Circles Apt. 780,Lake Douglas,DE,75342,,
Alejandra,Lloyd,077 Pham Crossing Suite 673,Juliaborough,NE,77947,juliebrown@yahoo.com,(540)136-8326x1256
Carrie,Paul,79767 Jones Causeway Suite 568,Tonyaborough,CA,07058,tommy80@bradshaw.biz,
annA,Glenn,91376 Justin Port,Nancyville,RI,59293,,(400)014-9466x662
Bob,Barnes,3408 Julie Run,Amandamouth,KS,45592,jessica75@hotmail.com,
yraM,Galvan,99774 Dawn Roads,Allisonberg,ID,51413,ssutton@hotmail.com,(676)894-8427x91957
